/* Native 320x240 8bpp asset converted from sanctuary.png; 256-entry PSX CLUT. */
static const u32 background_asset[19328]={
0x3d6a51eb,0x3946294d,0x1d0a250d,0x31042d06,0x1ceb28ce,0x14c924c9,0x24c518c7,0x28c324c4,0x20aa18ad,0x10a92ca9,0x14a724a7,0x0c8710a7,0x18a514a5,0x148514a5,0x1ca41085,0x20a31884,
0x108a1c83,0x24871888,0x20860c87,0x0c861886,0x10850c86,0x10841084,0x10841485,0x10841085,0x0c840c65,0x10841084,0x10841084,0x10841084,0x0c641084,0x10831064,0x10631063,0x14830c63,
0x18821063,0x14671068,0x0c661c66,0x14651c65,0x08650865,0x10640865,0x14641063,0x0c630c64,0x08640c64,0x0c640864,0x10630864,0x0c630c63,0x0c630c63,0x0c630c63,0x0c630c63,0x0c630c63,
0x0c630c63,0x0c630c63,0x0c630c63,0x10630c63,0x0c630c63,0x0c630c63,0x0c630c63,0x0c630c63,0x0c630c63,0x0c630c63,0x0c630c63,0x10630c63,0x0c630c63,0x0c630c63,0x0c630c63,0x0c630c63,
0x0c621062,0x0c471062,0x10650c45,0x14440c45,0x0c440844,0x0c441444,0x0c440844,0x0c430844,0x0c431043,0x08430843,0x10430843,0x08230843,0x0c630c63,0x0c630c63,0x0c430c63,0x08430c43,
0x08430843,0x08430c43,0x08430843,0x0c430843,0x08230443,0x0c620c62,0x0c620c42,0x0c420c42,0x08420842,0x08420c42,0x08420842,0x08420842,0x08420842,0x08420c42,0x08420842,0x08420842,
0x08420842,0x08420842,0x04220442,0x08220822,0x08420c42,0x08420842,0x08420842,0x08420842,0x0c420842,0x0c410842,0x08420842,0x08420842,0x08420842,0x08410842,0x08420842,0x08420842,
0x08420842,0x08410842,0x04220822,0x08220821,0x04220822,0x04220421,0x04210821,0x04210421,0x08210821,0x04210421,0x04210822,0x04210421,0x04010021,0x04200421,0x80000400,0x80008000,
0xc5c1c4c4,0x4ea1c1e9,0x50538c54,0x52525227,0xefe5de51,0xc0effcef,0x528c2749,0xaaa6a652,0x0d1df1f1,0x20201d1d,0x4141413f,0x41414141,0x3f3f3f3f,0x3f41413f,0x4141413f,0x3f413f41,
0x8ceefbf3,0xf89494a8,0xfac58ceb,0xfaf8a6ee,0xfffdfafc,0xfef3fcff,0xfcc5fcfe,0xe9a8c5f6,0xeba8a6a8,0xe98c8cef,0x8c8c92ed,0xe9eae0a4,0xeef3a4ed,0xc4eae593,0xe2efeee9,0x94c594fa,
0x94c5a894,0x27c59449,0x52528c49,0x948c948c,0x8c949494,0xeaedef93,0xf248e9fa,0x28c4f3fa,0xe9eded52,0xf3e9f6ef,0xefefa8e9,0xc5944a48,0x8ca894a8,0x48524849,0xa6522849,0x5248c4c5,
0xe59494ea,0xa1c0d0ed,0x8cc14e4f,0xa694a494,0x48a8e98c,0x94528c49,0x969494a6,0xa6a69448,0xa6d9eafc,0xc5a8eff8,0xfafdfcfa,0xfaedfdf6,0x8cc5a6de,0x4988dedc,0x8cc5fe96,0xf8f8fd96,
0x4687468a,0x87464646,0x46878787,0x87464646,0x90909090,0x8a8a908a,0x4687878a,0x87468746,0x48e5fdee,0x4848944a,0xfdfffda8,0x8cc5c5eb,0x488cc548,0x24494827,0x938c8845,0xf8f6a8a8,
0xebd8c1a1,0x30d999c1,0x54304852,0x48482827,0xc4515227,0xeafcfeee,0x52174ed2,0xc8c49352,0x0d40fbf1,0x1d1d0e0e,0x41414141,0x3f3f3f41,0x203f3f3f,0x3f3f2020,0x2020413f,0x3f413f20,
0xc5edf2f2,0xc5f6a8a8,0xf3e9c5a6,0xedfda8f3,0xfffdfafa,0xfffef3fc,0xe9fcfdfc,0xeffdf8eb,0xc5e9c5e9,0xfac58c94,0x51549fd9,0xe9e6c152,0xe19352c4,0xc9d994a4,0xe5eadfed,0xa6e994c4,
0xe9fa8c49,0x94c45248,0x484852a8,0x9494a894,0xa8a8eba8,0xd9dfdfa5,0xe2c4c5ed,0x48e9f3e5,0xf3de9249,0xefa8eafa,0xeac1e9ea,0xeb949449,0x528cc5eb,0x49495217,0xa58c4848,0xc42748a4,
0xe2f28cea,0xc0b7a4d9,0x8c52669f,0x949492a4,0x9494c4c5,0x94528c8c,0x94a8c594,0xa6efc58c,0x9492e5fa,0xefeafafc,0xeffafcef,0xede6fcef,0x948ce9dd,0x4a8ce5dc,0x96c5fd96,0xf8fdf9a8,
0x46464487,0x46464444,0x46468746,0x87464646,0x8a8a8a87,0x8a8a8a8a,0x4646878a,0xa7464646,0x52a6fdfc,0xeb8ca8c5,0xebfcfeff,0x284a8cc5,0x27484824,0x48484817,0xfcc49348,0x96a8a8eb,
0xc5a6a6a4,0x488c53c4,0x488c9348,0x16272827,0xc194c549,0xf31748e9,0x94deedfa,0xd1c48c4a,0x1de3f1e3,0x1d1d1d1d,0x20202020,0x3f3f3f3f,0x1d1d3f3f,0x20201d1d,0x200e1d41,0x41202020,
0xeae5f3fb,0xe9eafdfa,0xdec4c5eb,0xeffdf8fb,0xfcfdf6fd,0xfcfdfaf3,0xa8f6fefa,0xf8f8fac4,0x94c5c5eb,0xf6f6a88c,0x8c8c53c1,0xd994c592,0x925251a5,0xcc929f92,0xede5e9de,0xfa9452a5,
0xd9c452a6,0xefc4c4a6,0x522888f6,0x8c52a8c5,0x4894a8a8,0xdff3fc8c,0xeaf293e2,0x8c8c93ed,0xeda68c8c,0xeac5eaf3,0xeac0eded,0xc58c948c,0x172794a8,0x94945249,0x9394a58c,0x92a42748,
0xe593c1c4,0xb7b8c1d9,0xa58c8ccd,0x948c9f66,0xeac452c4,0x8c528c94,0x96a89494,0xc5fee98c,0xa6fac496,0xdee5f3c5,0xeffafcf6,0xe1effcea,0x4894faec,0xa6a4a4dd,0xa896fcf8,0xfdfefeeb,
0x25442587,0x46442525,0x44444646,0x87874646,0x8a464646,0x8a8a8a8a,0x46464687,0xfc954646,0x49a3fcf7,0xfefdc58c,0xf9a894f8,0x8c8c8ca8,0x28172852,0x52484828,0xeb8c2849,0x8e8e8e94,
0xa6917366,0x8c515376,0x28272849,0xe9921727,0x66bdeafc,0xa524488c,0xe5effaec,0xd6d930a6,0xf0e3dbd3,0x0e0e0e3f,0x1d0e0e0e,0x413f2020,0x0e060e1d,0x1d0e0e0e,0x1d0e0e20,0x4120201d,
0xefe9effb,0xa892f2eb,0x94a8a8f6,0xfefef8f6,0xfdfcfcff,0xfaf3f3fc,0xa8ebfcf3,0xf6ebc5a5,0x94a8c5c5,0xebf8f88c,0x9452308c,0x528ce9e9,0x279f6692,0xa6926c53,0xe5e1d0e1,0xc5e9928c,
0x94524852,0xe952e9ef,0x8c948ceb,0x4852498c,0x48488c8c,0xeee1ea52,0xeee949e2,0x9493a4e2,0xdde2eb94,0xe5a6eeed,0x94d9d9ea,0x488c8c48,0x8c522848,0xa8945248,0x949494eb,0x8c924848,
0xc494c051,0xbfe2cde2,0x669f5254,0x8c8c929f,0xa6a89452,0x8c528894,0xa8a8948c,0x8cc5c494,0xa5eff8a8,0xc5ebe9a8,0xeffcfae9,0xc2c5fde5,0x8ceafaec,0x9392948c,0x969696c5,0xa9ebf9f7,
0x25442544,0x44252525,0x25254446,0x46464444,0x46444646,0x878a8a87,0x46464646,0xe7952546,0x968dfaf4,0xe9ebfceb,0x96284a94,0xeac18ca8,0x131328f8,0x240b0413,0x884a304a,0x858b858b,
0xf2e3d1d1,0xd2f0f3ed,0xc14ebee1,0x17130b48,0x93e2dea4,0x92482848,0xfcfcfae1,0xe177c8f6,0xf1e3d3e3,0x0e0e0682,0x1d060d0e,0x41202020,0x03030e20,0x1d0e0606,0x1d0e0e1d,0x201d1d1d,
0xf8fdf8e3,0xf8e9deeb,0xfdfdfdfe,0xfffffdfd,0xf8fcfcff,0xfceedff6,0xf6ebfaf3,0xf8ebc5f6,0xa8c5f6c5,0x94a8ebc5,0xc5542e8c,0x8ca8a58c,0x2853bb92,0x92bd5327,0xdee1d4a4,0x9494fd94,
0x4aa84849,0xefc5e952,0xc5fff6e9,0x945294c5,0x948c488c,0xcde1c58c,0xe6a8c4e0,0x52d9ecd0,0xc1a1a58c,0xdfa5a4d9,0x8ce6ead9,0x8c494848,0xa8494852,0xe9c5a88c,0x488c8cf6,0x4a49a8a8,
0xef94d9c4,0xa1d9c0ed,0x309f5349,0x948c8c52,0x8cc5a8c5,0x8c488cc5,0xa6eb8c48,0x9494e9eb,0xfbe1fefc,0xf3fcebeb,0xeafdfceb,0xeee6f3e6,0xfffdfcfe,0xf9f8fdfd,0xfdfef8f6,0xf9fdfcfc,
0x25252546,0x25252525,0x25252525,0x46464646,0x44254646,0x46878746,0x46462525,0xa7a78746,0xfc97f7f4,0x8ca5f2fe,0x17528c8c,0xf6efc58c,0x13050516,0xe9302728,0xeee8a2a3,0xc3a7c3dc,
0xfafcfcfb,0xfcfbffff,0xdbe3f0fc,0x0b30cfd1,0x170b1748,0xb6302748,0xf8e9ebe9,0xf2d1d1f6,0xe3e3f1f2,0x0d0e20d3,0x1d06060d,0x41200e0e,0x030e1d41,0x06060303,0x0e0e0d06,0x8282820e,
0xf2f0faf0,0xfffefafe,0xfffffeff,0xedfcfefe,0xe9fdf2ec,0xf8e9c4eb,0xf6e9f8eb,0xf6e9e5ef,0xe9ebebf6,0xa8ebf6f8,0xc58ca5a8,0x9494a694,0x526652a4,0x9a9f548c,0xa4d0c48c,0xa8c5f3de,
0xc5948ca8,0xa894c4a6,0x94a88c48,0x94a8a894,0x948c8c94,0xb9d9948c,0xa448d9d4,0x52ed9251,0xa4a19f28,0xd9b8488c,0x94a6e6d0,0x94a8948c,0xeaeaa6a8,0x8cc5c5c4,0x94a6a8c5,0x8ca8c5c5,
0x93c5c5a8,0x28d976a4,0x52529253,0x948c8c52,0xc4c5c594,0x948ca8a5,0xf6f6e9a5,0xc4c5ebf8,0xefdeebeb,0xc4e9c4f6,0xc1f6efc5,0xfaddf6c5,0xfdfae8f9,0xfcfcfeff,0xeefafafa,0xf8f5fcfe,
0x46268d97,0x25442546,0x25252323,0x46464646,0x44254446,0x46464646,0x44252525,0xe7a7f4a7,0xf7a7e8ee,0xa6eec4eb,0x48481728,0x28040be9,0x8b301730,0xf6eedea3,0xfdfefcfa,0xf9f7eefd,
0xe991548c,0x8c9394eb,0x7166a5eb,0xfed9a160,0x040427e2,0x8c548c0b,0xefa6528c,0xf1d370fa,0xe3dbe3f3,0x061d80f1,0x03060606,0x41200e01,0x01061d41,0x06030100,0x0e060606,0xebfafedb,
0xeddde9fa,0xfffdfefc,0xfcf3f3fd,0xecf2fafb,0xabc9e1f3,0xd5cbddd8,0xead8ede5,0xeaefd0e2,0xe5ebe9ed,0xebebefea,0xe6e9e9e9,0xa19fdece,0x9fa05376,0x392e3192,0x53662831,0x91a46c53,
0xdea6a19f,0x938cb8d8,0x8c929392,0x8c52a68c,0x92929293,0xb7c05492,0x2753b1bd,0x92f3e548,0x92bd9148,0xa0d45352,0x92a4e2bd,0x9292c1a5,0xc0e5c4c4,0x8c488cc1,0x948c2848,0x4852528c,
0x51a49448,0x5348319f,0x49541753,0xc492668c,0x5352c4c4,0xdec5c49f,0xa69494e5,0xa6a6e9c5,0xeba6c4e9,0xc1c5a4de,0x9aedeec0,0xf6b3e5a4,0xe8c2a2e8,0xfaa6c5f5,0xe4f5f3fa,0x4aa4c4e5,
0xf7a88c48,0x252595f7,0x25251414,0x46464425,0x46464446,0x46252525,0x95252525,0xc395e7f7,0xebc6eee8,0xc1484aa8,0x041328a5,0x5017490b,0xc1a3edfc,0x28925192,0xf68c484a,0x8b478ba8,
0xc5983751,0x488c94c5,0x13134a48,0x4e272713,0x51fcec66,0x48920b0b,0xf6ef9248,0xfbf180ee,0xdbd3e3fa,0x061e40f0,0x01030606,0x0e060100,0x00060e1d,0x03000000,0x0e060606,0xc5f2fbfb,
0xf6def8f6,0xf8f6fcc5,0xfbebeffd,0xece0faf2,0xd2c9edfa,0xd6c8f0e0,0xedadfbf1,0xa5efedfc,0xe3f2efc5,0xfefefafa,0xf2fbfcfa,0xf0f0ede1,0xd2b2ece0,0x4e9f5353,0xb5542e4c,0xc9e3af3e,
0xcbe0c9b6,0xe0cecbee,0xe0e0f0f0,0xfbf1f2e0,0xf1f3fbf1,0xedf0f1f1,0x9f9c7eb5,0x49529448,0x49494852,0xc9b4ca92,0xf1f0f2f0,0xedb7e0f1,0xf2f2fbf3,0xf2f2f1f0,0xc49292de,0xe6d9e994,
0xb4d4fbda,0x7d4e27c0,0x8c305430,0xf2e0dae0,0xe0e2edf3,0xfafefaf2,0xebe9ebfc,0xeeefefe9,0xfce9eaf2,0xe1ecd4e3,0xd8ede1dd,0xfae1fcf2,0xfce8e6ee,0xfaf6ebee,0xe6fcc5c5,0x96a44a88,
0xe7a9ebc5,0x1423e7e7,0x46252514,0x44252544,0x25464646,0x25252523,0xf4252323,0xf7a7eee7,0xa6c6e4e8,0x28289494,0x05040bde,0x9ff9f828,0x27174851,0x0b170b13,0xf6884827,0x854b8ba3,
0xa8533231,0x528cf8f8,0x94171327,0x528c2445,0xf28c1713,0x481330d6,0xd0a8b8e5,0xfbf1f1d3,0xd3d3d6fa,0xd180d1e3,0x01030606,0x03000001,0x00010003,0x06030000,0x06060606,0xc5fcfddb,
0xc1aae2eb,0xeba8e0e5,0xfbc5e9fc,0xc4e9faf0,0xe5c4dee9,0xa4a4a4de,0xed92c4c1,0xa894a6f6,0x5194a894,0xc5a8c594,0x9494a1c4,0xa58cc0a4,0x529293c1,0x49544951,0x498c4830,0x52925430,
0x5449a4c4,0x4849528c,0x30305152,0x52524851,0x528c5248,0x52528c52,0xb2647430,0x49494e9a,0x574e5249,0x287661aa,0x498c5248,0x528c9252,0x49524949,0x52492848,0xa6a68c93,0x948c52a5,
0x5152948c,0x5151288c,0x8c525152,0xc1a4a68c,0xa4c4a5c4,0xa6928c8c,0xa8939294,0xa6c5a492,0xe5a6c5c5,0xa4a4a4c1,0xa4e5df9f,0xc1c4edeb,0xf6eaedc2,0xfcf8e9fa,0xefa84aa8,0x8c54918c,
0xc3c7ebc5,0x1414e7e7,0x25251414,0x46254446,0x12258787,0x23232314,0xf4441423,0xe7a7f5e7,0xa7e7f5fc,0x288ca591,0xeb480b13,0x0b05168c,0x94241717,0x13170b17,0x8cc5a813,0x8b9191a4,
0x5149302e,0x484af8a5,0x27131324,0x48484848,0x13020413,0x8c92fba6,0xe393c166,0xf2f1f1f1,0xd1d3d1f3,0xf0e3dbe3,0x0606031e,0x01000003,0x00000001,0x0e0e0100,0x0d060606,0xe9f8fafc,
0xc076c1c5,0x94c5f6ea,0xfc8ca8fa,0xc5fdfcf0,0xf8e9ebeb,0x92a692c4,0xe0a88c92,0xf8f8f6e9,0xc5c5ebf8,0xa8c5a8c5,0xeba56ec4,0xc493d9ef,0xa5e5c1df,0x28499292,0x27482828,0x28272728,
0x8c288c8c,0x27484828,0x28484828,0x48482727,0x27172728,0x27172727,0xddee2813,0xeed4e1b5,0xccd4e0f2,0x488cdfca,0x17284828,0x27284827,0x17171727,0x24271717,0x48482848,0x28274848,
0x17172717,0x27272717,0x9fe28c28,0xd0d9c166,0xe9eac1a1,0xa894948c,0x8c9494a8,0xa8c5c5a8,0xe9e9e9a8,0x51939493,0x8ca8c5a1,0xebc5c5c5,0xfceae5e5,0xf6a888a8,0xc5884af6,0x8c4a88eb,
0xe7eba8a8,0x1412e7e8,0x25141414,0x46252525,0x12444646,0x14141412,0xe7958723,0xe7a7f7e7,0xe7c6e7f7,0x0b5150c3,0x94f8eb13,0x1004040b,0x942724a8,0x13131313,0x4a962713,0x26264a4a,
0x40323232,0x3030545a,0x17131c17,0x48482727,0x05020413,0x7bc15227,0xf1f1521c,0xf3fbe3f3,0xd1d1d1e0,0xdbe3d1d3,0x06030dc8,0x03010103,0x00000103,0x1d060000,0x0603060e,0xe9a8fcf3,
0x81e9d0ea,0xeaf6a6e3,0xef8ce9fc,0xeafafefa,0xe1d0cde6,0xd9d0b7e6,0xefd0b89e,0xfafcfbfa,0xf3fcfafa,0xfefefffe,0xf2fbfafc,0xfbfcf3f2,0xe1ecd4ec,0xd0bde0f2,0xce7eb6cd,0x6d5f5e69,
0xeab7ddb9,0xfaefefef,0xfafafaef,0xfaedfcfa,0xd9b8e2f3,0xd96466e5,0xcfd8c0d0,0xed6d75b3,0x6c7c79dd,0xdfe2adab,0xecd07ec9,0xefefd9ce,0xfefceffa,0xf3fafaf3,0xc1c1f6ea,0xb876b0c0,
0x76736666,0xc1a19b9b,0xededf2ef,0xf2ddedec,0xfcfae1df,0xfcfafafc,0xfcfefef3,0xfdfdfefe,0xf2f3fafd,0x60cfb8b8,0xd066d9df,0xede6e5ef,0xfcede1dd,0xc5888cc4,0xf6a4a8eb,0xeec4a8ef,
0xf7f5e9eb,0x8a8aeef7,0x25141225,0x14121223,0x12144425,0x14141212,0xf4e7ee87,0xf4a7f7e7,0xfce7a9f7,0x1716a7fc,0x1648e9a8,0x0b040516,0x0b178c94,0x2413130b,0x8e971588,0x47268d97,
0xdbe3d278,0xacacd4e3,0x94662b6a,0x10a88c8c,0x0b020404,0xf28c1748,0xe3f13140,0xe3fbe3e3,0xe3d1f1f2,0xe3db81d6,0x03031df3,0x06060303,0x01010003,0x06060000,0x06030303,0xf2fcfbf1,
0x82a6c8fb,0xfdc5e5d3,0xe2a6effc,0xe0f2fcf2,0xacace0e2,0x7b99acd4,0xcc56b778,0xedfafcfa,0xedf3e6e2,0xf2ece1da,0xace1f2ef,0xe1edfae0,0x7dafe1e1,0xecd5adb1,0x796aabe1,0x587d7d5c,
0xd574b958,0xedeeeef2,0xe2ede2d8,0xbdd9e2e2,0xbdb7b0d9,0xe5b0d0b7,0x383ad8d9,0x9cb46071,0x61bd793d,0x9eaf353d,0xb1555c56,0xddd9cab0,0xeeedd0df,0xe2d9deed,0xe6ddeaed,0xb05c6ed5,
0xb4d8b7ad,0xefa0b071,0xedd5e2ee,0xd9b0dae2,0xededb9b7,0xf2e2dfef,0xfcfafaf3,0xf3f6eff6,0xedfafafc,0x7b6b587d,0xde63b3b2,0xbcdffaed,0xf6f2f2cb,0xf6e9e5fa,0xeba4fafc,0xe8f0c4fa,
0xf5e7c5eb,0xfcfcfcfa,0x23141225,0x12011425,0x12121212,0x14141414,0xe7f5f795,0x95a7f7a7,0xe7e7f4f7,0xc51795a7,0x270b53f8,0x04020252,0x16271305,0xc7c7c785,0xf4a78d8d,0x8f90a7c3,
0xfafafbf3,0xfafcfafc,0xa5c0eaef,0x495293a5,0x0b02020b,0xc4484827,0xf1f15581,0xd6d3e3e3,0xf0d1fbfe,0xf0d2c8d6,0x06060dfb,0x03060606,0x03030303,0x00000000,0x06030100,0xf1fbf1f0,
0xd3949ffb,0xf6ebfef1,0xfadee9f2,0xe1d4f2fa,0xc9ace1e1,0xb57bafda,0xd4cdaeed,0xf3ededec,0xf3f2edf3,0xe2b2b5da,0xdaeefaf2,0xe0daf3ed,0x7dd4f3f2,0xe1e2ca6c,0x7dcae1ec,0xcad97a61,
0xced9e2bd,0xeeede6df,0xe6e6e6ee,0xb8bdb7cd,0xa0b062d9,0xd8eee2ae,0x373371b9,0x9bbdae56,0x9ae17e70,0xe0cc633d,0x7d616b69,0xd0b7d9d9,0xdfe2e2c0,0xe2e5e2d9,0xdfe2e2e2,0xe1cdcadd,
0xcacfbfb4,0xdfd9d07b,0xeff3efea,0xcdb8dfea,0xeff3d5da,0xfcee9be2,0xfcfafafc,0xedfafafa,0xfcfcfaed,0x9a6f57e5,0xe5a0bdd8,0xbbbff6f3,0xfae672d9,0xfcfceff6,0xf8c4f6fd,0xdde8ebfc,
0xe8e7e7e8,0xfcfaeee8,0x14121223,0x01011214,0x14141212,0x25252525,0xe7f7f4a7,0x95e7f4a7,0xc3a795c6,0xc58be7e7,0x48131649,0x1302020b,0x858b8d4a,0xf6f6c589,0xfaeefaef,0xf5e8e8f5,
0xf2f1e3db,0xf0f0f2f5,0xfcf0e1ec,0x939fe5f0,0x94a88c94,0x2848170b,0xe3f1e39f,0xf18282d3,0xe3d1fbfb,0xdbc878d2,0x0e060ef0,0x03030e0e,0x03030303,0x01000001,0x01000000,0xf0e3f1e3,
0xee938cec,0xfbfefcfe,0xf3ebdee1,0xcbcffcf3,0xddcbe0b5,0x796ef3fa,0x6a6c6ac9,0xecece0ed,0xede2d4cb,0xefd4cfda,0xeeefeffa,0xacdaecf3,0xcacee1e0,0xe2d5e0ca,0xb7edddde,0xcfca7c2d,
0xceabce9a,0xe6d9e6ed,0xe6e6d8df,0xb7b16bbd,0xcc7663b0,0xcdb3b3ae,0x5b343879,0xd07398b0,0x7bbf4cb6,0x74645d57,0x7b6d9b6b,0xcfbcabcd,0xcdb8bdc0,0xe2eae6cd,0xd0d9ddd9,0xb4a0b7e6,
0x717c60cc,0x64d9cdbb,0xe2e6eeb8,0xd59cbdd9,0xf3f3eeea,0xeef3dfdf,0xf2dfefee,0xf6edf2fa,0xfafcedf6,0xdd6acffa,0xdd7cb3d9,0xf2d8d0f2,0xf3fae2ef,0xf6efeafa,0xfce8e5fa,0x4896a8fc,
0xe7f5e48c,0xfef5e8c6,0x12121244,0x12010212,0x23141414,0x14142325,0xc3f7f4a7,0xf4c3f5e7,0x9595a7f4,0x8ce7f7e7,0x0b0b1617,0x96eba80b,0xc1a3a496,0xecedccfc,0xe4e4eee6,0xe8e8e4ee,
0xf2f1f0db,0xf0f3f0fb,0xd8b5d7ec,0xbaaa7b55,0x9349a8c4,0x28130b52,0x41e3fba4,0xf1fbf182,0xf080d3f1,0x7877c9e3,0x06061de3,0x03060606,0x03030101,0x00000303,0x06010100,0xd8dbd6f1,
0xffc5a8ef,0xeffbfafe,0xe6edece2,0xfafafdf0,0xccacd4ed,0xab7df2da,0x7de2cccf,0xece0e1c9,0xdae1ccca,0xb9d4dfd4,0xf3eddada,0xafe1ecf2,0xb15c6eaf,0xb7ededca,0xb4ce2fb8,0xcfced8cc,
0xcfdde1d5,0xbdb0d0df,0xd9bdbdbf,0x75cdb0b7,0x7c98b875,0x653435b2,0xae4c346f,0x4f9e9edd,0xe1bf9e4f,0x39394e64,0x716faec0,0x6fb49a7b,0xcdb06262,0xcdcdbdb0,0xe2dee2d9,0xdfc0dde5,
0xa0b7b0cd,0xa1d9de73,0xd9d9d064,0xd9a07ab7,0xeeedeedf,0xe2d5e2e6,0xefe2cfee,0xefede6e2,0xfae1d8ea,0xf2cfe2f3,0xcf9e9ad8,0xfceecfed,0xeff3fafa,0xc194a5fa,0xf5faebc4,0x488896e8,
0xe8eec24a,0xf4f5fcf5,0x12121225,0x23010112,0x25121244,0x12121214,0xa7e7f4a7,0x9595e8e7,0x959595a7,0x96f7a78a,0x270b0b28,0xc5884aa8,0x2f6439d9,0xd89e4c9e,0xe1eef5e6,0xe8c3baee,
0xf1f0fbf0,0xeafba5c1,0xb8ddcbda,0x2f393958,0xa8e9fa59,0x172ee9c5,0xd3808251,0xe3fbf1db,0xe3403fe3,0x2bd2fbd6,0x060620f0,0x03030606,0x03030103,0x00000103,0x07030300,0x9f9fa0e3,
0xffedebfc,0xeaf3fbff,0xcbd0e2e5,0xedecfced,0xc9cceeee,0xcbdae081,0xccacd4f2,0xdfd0e2cf,0xccd5b9f2,0xd9daf2e2,0xeeecd4e6,0xe0e1edf2,0xab3eb9ce,0xb0b0b1c9,0x9a2d37cb,0xccd4e07d,
0xddecece0,0xd9dfe1e1,0xe2e2d8d0,0xd5e2e2df,0xbcbce1ce,0xbb704ccf,0xe6983333,0x644eb3cf,0xe1bd609c,0x2f312e76,0x996a7b4f,0x706acccb,0xcce1cf71,0xdfcfccb7,0xe2eceee2,0xcdd9cde2,
0xedcdb9d0,0x9f765391,0x9bb79eb7,0xd9e2dfea,0xe1ede6bc,0xeee1edd8,0xfafae6f2,0xc1e2d9ef,0xfad8d0c4,0x7bcceffa,0xdebfddba,0xedeee2f2,0xe1e1eded,0xdea492df,0xeeeec5e9,0xc1a3e4f5,
0xeeeee5a5,0xfceefcfc,0x12120114,0x02010112,0x12010012,0x12010101,0xc3c3f4a7,0xc3f4faf4,0x959595a7,0x85959595,0x8ea91313,0x2acf8c86,0x399f1a18,0xbe759e3a,0xf58cc4ee,0xbebae4f2,
0xfbf3f0e3,0xa8fede8c,0xa4c1d4d0,0x3a396099,0xfc5d3957,0x27e1a4eb,0xd3d38217,0xe3f1e3d6,0xd6401e41,0xd2f1dbdb,0x0d0620f0,0x03030306,0x03030303,0x03030101,0x03010001,0xefa092cc,
0xfffbeffd,0xeef0f2fe,0xccc0dec4,0xeedaede0,0xe2dfecfa,0x99bc577e,0xe1af9a99,0xc0c0e5ea,0xb9e1ce9c,0xd8b09cad,0xd0b09abc,0xdde1dfd9,0xaf74e2ca,0x7f9ccef3,0x383ab4ca,0x627cd499,
0x6660394f,0xc0c0a466,0x669fa3bd,0x66c09b66,0xa46666b8,0x39644f53,0xf2b46360,0xb7534fbb,0xcd9f7676,0x605a4bcf,0x64769f39,0x664f4f66,0x2f669f66,0x53929f4f,0x6066d976,0x9f737666,
0xd9bdbd76,0x76cfb060,0x746d64b7,0xaed0e6d8,0xb3d0cf79,0xb3d8b76d,0xa0bdc09e,0xdee6dfc0,0xeae2bdc1,0x35b2decf,0xddbfbdb0,0xe6bd75de,0xeef2f6ed,0xf2dde1e5,0xe8f5ebf6,0x91a3f5fc,
0xe8dea8c4,0xfde8eef7,0x0100000a,0x01010101,0x00000000,0x14120101,0xf7e7e7a7,0xa7c3f4f7,0xa795a7a7,0x158aa7c3,0x8d85a70b,0x182a5dee,0x5a392918,0xbdb45353,0xe954a4fa,0xd2c3eef0,
0xfcfefac9,0xc4fbf092,0x51a1e0a5,0x361b4c6f,0x381a1c16,0xc5c4eaee,0xd3d3822f,0x82d682d3,0xe3811e20,0xf1f0e3f0,0x06060ee3,0x06030306,0x00030606,0x06060100,0x06000106,0xfeedc1e9,
0xfcf2ebfa,0xd8e1dbfb,0xd4d9dec1,0xf3ecf3f0,0xa0d9fafd,0xba985d9b,0xb5b53c5b,0xb15961af,0x7cb4cd6c,0x72f2e1cc,0x643e613a,0xabd5e673,0x797ddaab,0x6db86372,0x9a6d6b69,0x76ae5734,
0xdae2f2d5,0xb7c0d0d9,0xe5c0a073,0x9fc076c0,0x66604f76,0x4e4f394e,0xc09f5331,0x5e767675,0x7631664f,0x53502f64,0x4f60914e,0x5eb3604f,0x9ec1a139,0xcfd9c0b8,0xcdd0eddf,0xc0eeedda,
0xb0989e4e,0x39646d60,0x749c9bb4,0x6d716b71,0x4ebdbdae,0x4f662f2f,0x7e59b79b,0x5ebd66bd,0xb3a03936,0x2a4fcfcf,0x6673756b,0xf2d86560,0xe2e6d7d5,0xefdee5e9,0xfaf5dfef,0xe1a1f5fa,
0xc3a6a3ee,0xfee7f4a7,0x0000000a,0x00000000,0x00000000,0x25251401,0xf4f4f790,0x95a7f7e7,0x95a7a7a7,0x438a95a7,0xdc858584,0x304c292f,0x6a2f2a1c,0xd9b15254,0xa89166fa,0xe4c3e8f5,
0xfafbfae0,0xa8fbf2e5,0x549fe352,0x13313d6a,0x1a1a0b0b,0xdbd2f3a0,0x8282413f,0x1fd382d3,0xc877200f,0xf1f1f1db,0x06060682,0x07060606,0x01030606,0x03010000,0x06000101,0xf2f0f0f6,
0xfbe0faf3,0xcbd4d2f2,0x91a1e0c9,0xf2c4e9ca,0xb7e2fafc,0xcdbb759c,0xe0ca7c5a,0x1b1b32f2,0xe1dd9c57,0x3a5b6dd8,0x60594f39,0x7dafd8c0,0x3d7ac97b,0x79b9ca61,0x6b603d79,0xb8b07eb1,
0x4f764e31,0x5e60664f,0x66a16660,0x60647c60,0x747e6064,0x5a9e6360,0x319fa14e,0x5edf7c4f,0x4fa0d9b0,0x66d99b1a,0x395e7431,0x2f393936,0x4f669f4f,0x66605e4e,0x5e39664f,0x31a12e1c,
0x73bddd4e,0x6060644f,0x737376b5,0x7e616156,0x9ecd7a71,0x66532f2f,0xcd7f6066,0x2f4f9fe5,0xd0a0391c,0xb32f60d0,0x5aa09bae,0xbce6e098,0x54cfcc7b,0xeec4a593,0xe5e1c4c1,0xde8ca6ee,
0xa7c3a3dc,0xfcf5f5a7,0x01010114,0x00000101,0x12120101,0x25252512,0xe7a7a744,0x95e7e7c3,0x95c3e78a,0x4d87878a,0xbea795a9,0x13162918,0x72352e0b,0xd0bb5254,0xa8f030a5,0xc3a7e4ee,
0xfcf3ecf0,0x8cfbedc4,0x3066e092,0x0b515558,0x291c3034,0x80d6de53,0x82201f41,0x0f20d3d3,0xc9d3411f,0xe3e3d6d2,0x0606061d,0x06060606,0x03030306,0x00000001,0x06030d00,0xfadbd6fe,
0xfcf2fce9,0xcbe1e0fa,0xa4a6d9da,0xdec4eac1,0xdfedeefa,0xbbd9cdae,0xcdb9714c,0x2d2d2a76,0xabd8c05a,0x6835383a,0x9c4f4c68,0xdfdde1d9,0x33afae7b,0x6076a05e,0x76763176,0xda9c6d2a,
0xb8c0a19f,0x6d736676,0x66665e75,0x73769b9f,0x9b764e60,0xbb9b9c73,0x4fc0b866,0x1c2fb04f,0x38c05e1c,0x2f76b038,0x60626039,0x9f2e3139,0x9f919f66,0x9b9b7676,0xc0c0ddc0,0x9fefc19f,
0xbdd0dfc0,0x9c7666b7,0x9bb6764f,0x6b6eb770,0xd0e2ad59,0x66604e9e,0x9f917666,0x394f9f9f,0xb89b6460,0xdfb83164,0x9b769cc0,0xe2edf2e2,0x92c0d9bc,0xefc4c0c0,0xdebae5e5,0xa8e9a6ee,
0xe8e4c5e9,0xfae6f5e7,0x12121225,0x00000001,0x25251401,0x25442523,0xa7c38a25,0x95c3a7c3,0x87959587,0x87878a8a,0xa195a7a7,0x570b1a2e,0x60572716,0xdab44930,0xa8fb5492,0xd1c3e8ef,
0xf6fbf2f0,0x48e9c4de,0x3066d292,0x0b2e5778,0x35161c18,0x41d1c051,0x200f1f41,0x0f1f8282,0xf1e34120,0x3fd1e3d6,0x06060607,0x03030306,0x03060606,0x03010303,0x0e80ff80,0xf6ecf0f1,
0xfcf3fefa,0xf0d6c9f2,0xeeddeaec,0xc5c0f2f2,0xedddf3ed,0x9ed0b9da,0x3a606a71,0x2a362a36,0x36363a3a,0x6d362d2a,0xdfd9b46e,0xcce6d9e2,0x1b34e279,0x757a5e2f,0xa0766676,0xdab03a2f,
0x76c0a1b9,0x60664f4f,0x60664e31,0x9a7c6476,0x7e39397e,0x314f4f6d,0x39314f2f,0x2e392f63,0xb04f601c,0x6d293173,0x669a6dab,0xa0763131,0x9bc09f53,0x4e4f734f,0x9f4e4e31,0x66a19b66,
0x4f64bdc0,0x9b7664b0,0x31a04f31,0xb97e9c5e,0xd8e262b7,0x4f73cbd4,0x73643139,0x76736060,0x76395e60,0x76a07664,0xe6ddc0bd,0xfaefefed,0xeee5dfd9,0xeff3f3e2,0xfabfe6ea,0xeafcfaee,
0xfeebe9fe,0x9590fcf4,0x01121214,0x00000000,0x25142512,0x25252525,0xa7442525,0x95f4e7c3,0x878a8787,0x878a958a,0x30959587,0x3716162e,0x635d482e,0x9f7d5251,0x8c942828,0xc3c6e896,
0xa6fbf0f0,0x9488ded4,0x519fa051,0x17666278,0x2f0b1818,0x82414027,0x0f071f82,0x1f0f201f,0xf0dbd120,0x0d80f0e3,0x03030303,0x06060606,0x03030606,0x20010303,0xfefef1fd,0xeb5362f0,
0xe3e3fbef,0xd278e0f2,0xd8ccbcd2,0xd9ccccd0,0xf3e2ecf3,0x7c7cadfa,0x7fcdd8ab,0x7462a09a,0x59565a4f,0xb0563d6e,0xdae2edce,0xaae2e2ed,0x687fbc68,0xabcacabc,0xadadbdb5,0xccccb17f,
0x9fc1667f,0xb7b7a176,0xb473b67e,0x396076ab,0x31313939,0x4f4f4f39,0xb29f5360,0x4ed09b2f,0x2f66a12f,0x4e76664f,0x31313131,0x4e76a04e,0x6064604e,0x9ea09b76,0x9b9e9ebd,0xe2a1c076,
0x312f73b9,0x60664f4f,0xa19b9e66,0xb79a6b62,0xd8e2b6ae,0x7edee5df,0xb373609b,0x66a1bfbb,0x9c9e5353,0xc1cf73b0,0xf2fce5cf,0xeefaf2df,0xecdec1d8,0xe6e1fafa,0xcc78dcdd,0xc1e5f3dc,
0xfc88c4ed,0x44958aa7,0x01121212,0x00010000,0x02010100,0x12142523,0xa7121212,0xa7f7e7c3,0x878a8795,0x8a8a8746,0x2787878a,0x4b1c1616,0x74575116,0xa17d4930,0xc5884954,0xc3a2d7c4,
0xebf2f0d6,0xfb8cdef3,0x3053b8e5,0x16749f7a,0x290b1c1c,0x41824016,0x070f1f20,0x0f0f1f07,0x81e3d341,0x0120f0aa,0x06060301,0x03060606,0x03030306,0x821d1d06,0xf0fcfefc,0xfb4e5d80,
0xe1d2fde9,0x67eefcfc,0xeef2eac1,0xb6bdbdec,0xfaf3daed,0xacd5d0e6,0xccecf2d8,0x5e69ad68,0x55683860,0x7d6a5868,0xe6dfcaca,0x7de0d4d9,0x3d69b75d,0xd07f7a5c,0xb77476bd,0xad7dd4e0,
0x9bd9e2b0,0x2f2a3a64,0x7036392f,0x39667360,0x60734f31,0x312f2f66,0x9ca13131,0x2fa0b766,0x1c66912f,0x1c2f7e2f,0x534e312e,0x53667376,0x60606676,0x314e6060,0xd976609b,0xd9dda0d9,
0x9b9cb3b3,0x76767473,0x7e3ecdd0,0x7eb0b6b0,0xe2e5cdbd,0xcad9eaea,0xe6e6bcbc,0x7366c0df,0xbdb85373,0xfaedcdc0,0xcfeae5ed,0xe6f2cf7b,0xedd8eeda,0xefcff3fa,0x7b67bfea,0xa4c4eef3,
0xf78edede,0x1246f7fe,0x01121212,0x12140101,0x01000001,0x00011212,0xa7120101,0xe7e7c3a7,0x878795c3,0x8a874646,0x30878787,0x3c16150b,0x3964a10b,0xd9bf4930,0xf528a4e1,0x8f8fdbee,
0xeaf3ecd6,0xef8ce5f2,0x154ec152,0x1c162781,0x2a150b0b,0x41825516,0x07070f20,0x1f1f1f0f,0xe3e3d341,0x0107d14c,0x0e0e0e06,0x03030303,0x03060303,0xd3fcff20,0xf0e3fbfb,0x78547280,
0xece6fca1,0x91daf3ee,0xf2e6f2fa,0x73aeaecc,0xecdae6ed,0xc9ecfaf2,0x7fafdaee,0xa0bd7557,0x2b2a3976,0x3c56574c,0xe2cfb568,0xcee0b1cf,0x79b9cac9,0x7956389a,0x7c9c60b1,0xb7edba56,
0x2e73e6b7,0xdd769b4e,0x3a5964a1,0x60366064,0x392f2f66,0x4f603960,0xb7c09f4f,0x2e9fa14e,0x292e312e,0x9b76bd4f,0x4e665373,0x66316631,0x76666660,0xcd7a644f,0xc0d0d0d0,0x9cb34f2f,
0x60bdd9b7,0x4f607662,0x73595e74,0x693eb76d,0xedddb97e,0x7d79d9ed,0xe2e2d9bb,0x9b66c0d0,0xd0c0a1c0,0xe2eedddf,0xb7e2e6ed,0xabe2cfb2,0xcbb2dddf,0x58b3eff2,0xba37eebc,0xc4e9eaf3,
0xf48deba8,0x1246a7fc,0x12121212,0x25461201,0x00000114,0x00000001,0xc3120101,0xeef7a795,0x468795a7,0x87444687,0x27264687,0x05051a0b,0x4c30130b,0x28283027,0x92484549,0x8d8f9252,
0xefecd6db,0xefc5effb,0x0b2e5393,0x05139f36,0x2e320b05,0x41823716,0x0f070f41,0x411f201f,0xf1d1dbd3,0x030640c8,0x06060606,0x03030303,0x03030303,0xe3fbff82,0xf1d6e3f2,0x776081d1,
0xf3fcf366,0xc4c0e1b2,0xb2dfdfec,0xd07b557b,0xdacbe1df,0xe0c9e0ed,0xb96e7dec,0xe2ddd97b,0xcc9cd0d0,0x6a6778da,0xe2cce0ce,0xcad57ad0,0x55687979,0x79ce7b57,0x747c3a9c,0x3ed9983a,
0xd9d5e6bb,0x4c64b7b7,0x6d5e394f,0x764f6362,0x4e667366,0x39314e4e,0x9bb7a066,0x1c2a1c4e,0x2f2e2f2f,0x2f76d09b,0x311c312f,0x7676605e,0x764f6673,0x607eb7b8,0x769e603a,0xcdb4aebc,
0x5b9cedea,0x4f4f7560,0x764c4f62,0x696e6259,0xede6dd6b,0xbdb4dfee,0xe2cdbbd8,0xbdd8dfc0,0xbdd9dde2,0xe2e2cdd8,0xbdd0d0d0,0x3cdfda9c,0xeeb2cced,0x6abfe6ee,0xe67be1cb,0xeec4effa,
0xa7e7f3f3,0x1246a7e7,0x12121212,0x14231212,0x01000114,0x01010101,0x44011201,0xc3f4e7c3,0x46959595,0x46468746,0x2e478787,0x040b150b,0x63540b0b,0xc49f302e,0xf548a8fa,0xbea2a3de,
0xfaeccbc8,0xfa94f6fb,0x2e5166fa,0x389f1c2f,0x1c0b0b0b,0x41824016,0x0f0f0f1f,0x8220201f,0xd6dbfcdb,0x010320db,0x03030101,0x03030303,0x03030303,0xd3e3fb1d,0xf1f3d6f2,0xd15381db,
0xe1ece0de,0xe699acb2,0xd4e1ccc0,0xac81cce1,0xc9ed7855,0xedb76fac,0xdad5d4d4,0x7ccfe1d5,0xe1f3d939,0x58787bd2,0xe5d8c9b9,0xafb9cad0,0xaf7d7979,0x3c56adae,0xb7604f7c,0x6bbdae9c,
0xd0cdb7da,0xc04f66e5,0x6e3a60a1,0x5e365ead,0x604f3139,0xcf9f6060,0x4fd9bdb7,0x180c184e,0x2f1a1818,0xb6cd4f64,0x4f76b79e,0x5e316664,0x66669b73,0xb37676b7,0xd4394eb1,0xcdb07cab,
0x375ed0e6,0x392f5734,0x7e35643e,0x6e9c6a74,0xe2d9df7c,0xdfe6d9df,0xf6bd9cbf,0xb8c0e5fa,0xa0c0a0c0,0xe6efdfbd,0xafb4bfbc,0x6f6acad9,0xe6bcddb2,0xcfa39ebc,0xddcf9df5,0xfaf6efea,
0x95e7eaea,0x1244a7a7,0x12121214,0x12121201,0x01010101,0x01000101,0x12010101,0xe7c3e78a,0x4695a7a7,0x46878746,0x2e4d958a,0x040b050b,0x98664c39,0xe5fb2e16,0xee48e9e1,0xd7a2e0ec,
0xfae3d2d2,0xfa52e5f2,0x162efbfc,0x181818c9,0x1c18150b,0x41413b16,0x0f0f0f1f,0xdb82411f,0x80d1fbf0,0x010320d2,0x03010001,0x03030101,0x03030303,0xe3e3e31d,0xfefcacfb,0xd1539cdb,
0xacc9d4de,0xbb997bac,0xcbb5796d,0xdddaccaf,0x7dabc96c,0xe1365581,0xe2dd99e0,0x7d79b7ed,0xb269b075,0x7dc9cce1,0xead5c9ad,0xbdecccbd,0xca687a68,0x566eb9b9,0x594e3655,0xcde6cf5f,
0xbd9cb6df,0x60601bb6,0x9ccdb866,0x606db760,0x7362769c,0xbdbf64b0,0x64bddfa0,0x181c1c39,0x310c180c,0xbdb7cfc1,0x76a1a0a3,0x66663929,0x76a06053,0x66b8c0a0,0xca9c394f,0xbb6d6974,
0x60744fb0,0x5e2f7e6b,0x9c745e62,0xb8ad576d,0xb7b0afcd,0xe2edd8bb,0xe6d9b7d5,0x66a1c0fa,0xc1a1c0a1,0xe0f2eec0,0xd0b49a7d,0xb46aabcd,0xb25dbb57,0xeea1bebc,0xbad8b3f2,0xf5fcfad8,
0x95e8e2ee,0x1446f7a7,0x12141425,0x12121212,0x01010101,0x00010101,0x12010101,0xe7e7e787,0x879595a7,0x46874446,0x1647958a,0x041c1516,0xbf532939,0x64d82e2e,0xed2892b2,0xbe8fe0ec,
0xfcdb80d1,0xdd48eaf2,0xa11ccff3,0x2b2f1acf,0x1819050b,0x41411b0b,0x070f1f1f,0xe3d3821f,0xd1e3f1fc,0x030320d1,0x00000103,0x03030300,0x03030303,0xd3f1e31d,0xf3d8cffa,0xf0dac8db,
0xc9e0ecef,0xe6e1b2b2,0xac7bc9cf,0x5cac68c9,0xeecf5834,0xc96899f2,0xd5b57be6,0xcc7fbdd8,0xcd4c75b0,0xccdddad4,0xdfceabb5,0xcdbdb9e2,0xab58b15f,0xb979567c,0x365e2d37,0xd9b76b60,
0x6acc3ded,0xbd681b37,0x4f36363e,0x53607366,0x66985e9b,0xbfddb866,0x2f36e2cd,0x1a311c2f,0x29601c18,0xe24fa01c,0xc0669fdd,0xb8b75976,0xa13976c0,0x2f2f604f,0xd99bb79c,0xc06262a0,
0x4c6f7db7,0x71316398,0x7e603859,0x649875ae,0xbd9cb39b,0xe1e2ca7d,0xeabbbae2,0x9bb8bdf3,0x9e76e676,0xe1edddd9,0x9acc6f6c,0x689a7dab,0x6f5d636a,0xe2b2c9d7,0xbcdddce5,0xfafaeedd,
0x87c3edee,0x14449595,0x12121414,0x14121212,0x01011212,0x01010101,0x12010101,0xa7c3a7a7,0xa795a7a7,0x46462346,0x1c268a8a,0x04151c0b,0x5d532e4c,0x393366a3,0xf52430be,0xd7a2dcf5,
0xf3f0d6db,0xc8c9f2e3,0x6a55f0db,0x1a1c1a39,0x150c050b,0x41823f0b,0x0f1f1f1f,0xe3828220,0xd1dbf3fb,0x030306d1,0x00010103,0x06030000,0x00000103,0xd6e3e31d,0xd3d381e0,0xf3dbf0e0,
0xd481e0fa,0xb2d4e0da,0x997be0ed,0x6fb268c9,0xe058cb7b,0xecd4e1e6,0x68b5daee,0x9b73b7ae,0xd8ddcfb3,0xe2e1cbda,0xcfcacacb,0x7dd5cadf,0x686ccc7f,0x7a683868,0x6d4f6b5d,0xcd6fd8dd,
0xcfd518ae,0x374c2d6f,0x2d2d341b,0x75695b64,0x70759838,0x569cae74,0x4e291a62,0x2f311a39,0x2f2a2f2f,0x2f1c1a1c,0xbdbb7675,0xd0b6d9d0,0x4f76d0c0,0xb0715e2f,0xa02f3e64,0x75bda1d9,
0x29b4d899,0xae4f3a37,0x6b74615e,0x3c9ab468,0x713e9c5a,0xedefd9bd,0xe5e5dfe5,0xa0cdb773,0xb76bb4b7,0xb4efb3ae,0x727bb279,0x7b6b7cae,0xd899637b,0xc0dddad8,0xbce6f3dd,0xfcf6e5d7,
0x954df2ee,0x14448aa7,0x12121214,0x12121212,0x12461412,0x01010101,0x12010101,0xa7a79525,0x95a7e7a7,0x8746468a,0x1785958a,0x0215150b,0x4c291c4e,0xb267acda,0xe691a19d,0xeed7d7e4,
0xfbfcd680,0x60c9f1f0,0x92275153,0x0c0c29c9,0x1518050b,0x20411e16,0x0f0f1f1f,0xf0d38220,0xd1d1f0fb,0x030303d3,0x06030101,0x03010306,0x00000103,0xfbf1fc1d,0xf1d3d1ee,0xe3f0faef,
0xaa99d9da,0x37bcd8f2,0xd8ede1ed,0xe6acdaec,0xbc7bfada,0xecf2e1cc,0x3d4c7bd4,0x66735c7b,0xb77acf60,0xe6dddad4,0xb9b199e0,0x78abcece,0x6eb6e2b1,0xb9b66968,0x5f3ab0af,0x582b78ac,
0xeead2b2b,0x6a573c37,0x2b6a2d2a,0x292a2d35,0x7ab46b38,0x5e565671,0x6e761c2f,0x1c2f4e2f,0x1c1a2f1a,0x29604f39,0xbbb9ae38,0x64aeb07e,0x1b182d7e,0x6bb9cc63,0x4f2d3659,0xd7cf98b7,
0x2a5f707b,0x6866312b,0x6fc96e63,0x5fb1b45d,0x6b7cb0b7,0xcdd0c071,0xdeedbdd0,0x757c769e,0x64607166,0x71e2e561,0xbb7be5d7,0x9a98aebb,0xe6d8b299,0xddf2e1dd,0xbff5f5e2,0xfae9ded7,
0xe7eef6fc,0x12449587,0x12121214,0x12121212,0x46e78a12,0x12010112,0x12010101,0xc3a7a744,0xa7a7c3a7,0x8a874695,0x16909595,0x05050b15,0x4f9d181c,0x5216161c,0xecdae6c4,0xa278bad7,
0xfffcf0d1,0x171766fb,0x0b134848,0x0c290c04,0x2e180215,0x20411b2e,0x0f0f1f20,0xe3d3d320,0xd1d1e3fb,0x03060ed1,0x0e030101,0x0001060e,0x00000000,0xffffd101,0xfbd1d3fe,0xdfe2f1f1,
0xd9c0dfe9,0x1bd0b8de,0xdaf2e1e0,0xe13c3cc9,0xcceeecb2,0xe0edb5e2,0xcbab63ab,0x5e76afaf,0x5e75991b,0xdacbe1d0,0xb97968d8,0x58c9dfe1,0x6cceb658,0xca69685c,0x3d5b3db4,0x5b6a553c,
0xdf5ed0ae,0xface2aad,0x1879375d,0x2a2a2918,0x2a353334,0x4f3e2a1a,0x64394f4f,0x2e29764f,0x2a1c2918,0x2f314f60,0x6d4f3939,0x3d64b7b4,0x641b1b59,0x6168abcc,0x9b396b5a,0x76bc7073,
0x2a374c36,0x2b386034,0x7fca7a4c,0x986baeb7,0x99d0eacd,0x9abdddb4,0xd9dd649e,0xb0634fa1,0x9874ae66,0xae76c0bf,0xca5dccdf,0x6a4c99b4,0xd8b5bb99,0xc0d7b2cc,0xddf3c19f,0xedeae6dd,
0xe796def5,0x1244958a,0x14141414,0x12121214,0x95a78a46,0x12121295,0x12120101,0xa795c387,0xc3e7e795,0x87878795,0x0b4d958a,0x1c0c0b0b,0x04055d1a,0x27171305,0xe8302727,0x8f78bef2,
0xdbfee3d1,0xe594492e,0x282739e3,0x0ca1050b,0x18150c0c,0x20821c16,0x0f1f1f20,0xe3d6d620,0xd180e3fb,0x06060e40,0x06010106,0x00010606,0x00000000,0xfcf18203,0xc8e5d6f1,0xeddff2f0,
0xcfecf2a4,0x55afe2e5,0xd8cfb5cb,0x6a677b99,0xc9c97c55,0xc9ccccec,0xabc97cae,0x63367dab,0x74997d68,0xc9b5cc56,0xb97dabab,0xe1ceb9da,0x7dabadce,0xaf6e3cb9,0x596fabb5,0x37d4af63,
0x2b2d9a5e,0xd857382d,0x2db15b5d,0x1a3a1b1b,0x1b291b2a,0x4f392a2d,0x355e3963,0x292a2d35,0x5b5b602f,0x1c292f31,0x1c1a362f,0x744f749b,0x9b9c6179,0x5a5d6cbd,0x4f2e3960,0x2f353373,
0x3437373a,0x6eb0312a,0xbdbdab71,0xb16eb7b1,0x6fe1e2b7,0xdfcfd9d9,0x73ddb9df,0x70725a60,0x7c7e9b60,0x603973b4,0xb89a7dbd,0xaebdf3e2,0xbcb25aa0,0x9ee1ba99,0xe1be9aa1,0xe8e5d7bf,
0xe7a3e6c2,0x46c3f5ee,0x12121212,0x25141212,0x95909090,0x12908a8a,0x12121212,0xa7959587,0xa7e7a795,0x46254695,0x174d9587,0x1518180c,0x30051605,0x53270b49,0x2e4ac5de,0x9dbaf09d,
0x2ad2f1f1,0xc07bc452,0x0b041399,0x27531616,0x0c180c05,0x1f202a16,0x1f1f1f1f,0xe3e3e3d3,0x8080d6f2,0x0e0e0640,0x01000306,0x00030303,0x00030301,0xfcd6d60e,0xfaede3db,0xe1edf2f0,
0xecf2eede,0xd7d4d4ac,0xeecfcf58,0x79dad4b2,0xe2cc6c7a,0x78d4f2fa,0x68b2716a,0x7c293279,0x6a783758,0x7bcc7c62,0xcac9cc7b,0xce78b1ca,0x5cabc9da,0x687d3768,0x6d6b7bad,0x6f6879bc,
0x2a9a2f2d,0x2a2d7518,0x2a2d2a29,0x0c1870bf,0x293a5b1a,0x4f73311b,0x4c4f292a,0x2f1b2d33,0x5d351a2e,0x2e2f6135,0x39292929,0xcd381a4e,0x76a03d7e,0x1a565a63,0x66b82939,0x1a1a3666,
0x332d3c63,0xb06d291a,0xcdce7f98,0xb4bcae7b,0x9acdcfb7,0xdfbcbcb9,0x7639cfd8,0x987c639e,0x7c6b7475,0x73739eb2,0xe6d0b79a,0xc0bfe2df,0xb9ae2f9b,0x9d7bb2b5,0xd89d5db2,0xd8c4ba9a,
0xe8e4e1be,0x90e8eee8,0x12121214,0x90251212,0x9590908a,0x1295958a,0x12121212,0x95959587,0xe7e7a795,0x46448795,0x30958a46,0x05150c0c,0x669f5030,0x28170417,0x48a8b3a4,0xe0f07b2c,
0x521b80f1,0x2e1853c5,0x2e0528eb,0x520b1793,0x0c180213,0x1f201e1a,0x82202020,0xdbe3dbe3,0x4040d1f0,0x0e0e0e80,0x0301060e,0x03030303,0x01030303,0xd6d6f10e,0xfceed6d6,0xd2ecf3fb,
0xececf2bf,0x786ad2c9,0xedaccc99,0x686caa68,0xfaed717d,0x557beefa,0x7b6a7b57,0x7a6438b2,0x355c5d78,0x79ab3c4c,0xe2c9ca79,0xbc6c9abc,0x6237ab78,0x7dabab68,0x604cb9da,0x5c563d7c,
0x5763643d,0x1818622d,0x383d2a1b,0x1a60e2c0,0x2b6d622a,0x2f1b1c33,0x1818362f,0x2f5d4c29,0x6f352a1a,0x382d7b7b,0x392f2929,0x757c6131,0x60b95a5d,0x1a2d2a35,0xdde12f1a,0x64aedfd9,
0x1b29344c,0xc07e4f1b,0x7dbc719b,0x685cbbab,0xb9cdb568,0xddb0b9b5,0x7339e5df,0x98627536,0x7b997660,0x7576ab99,0xb7745a70,0x379ec0cc,0x984c3360,0xb29899cf,0xbeddbeb2,0xddc4ba6a,
0xe791c2dc,0x90eef2c6,0x12121414,0x90251212,0x9095904d,0x12908a8a,0x12121212,0x958a9525,0xe7e7e795,0x87468aa7,0x31874646,0x0b020c0c,0xe91c1ce9,0x8c480b2e,0x8c911c27,0xf1781a4a,
0x8c3119f0,0x13165292,0x2f395148,0x0b131651,0x0c0c0205,0x201f4018,0xd3412020,0xd6f0dbe3,0x8240d1d1,0x06060e82,0x0e060606,0x03010306,0x03060603,0xd1d3fb3f,0xf0fcf0d1,0xdbe9eff2,
0xeceef2a1,0xe1ab3ccb,0xd8afc9c9,0x3c78e058,0xf0cb576f,0x5658f3f2,0x683c3733,0x5e74af99,0x385775c0,0x556f343d,0xd5ab555c,0x567dac6c,0x6a7dbd7f,0xdfb96c3c,0x3960cdd0,0x3db36a7b,
0x619cb458,0x337ed07e,0x2a2b1b2b,0xbdd9ed5e,0x749e9a98,0x4f3e613e,0x383c3733,0x38353835,0x2d3c2b2d,0x6f676b5d,0x374c3c6a,0x5d6b7955,0x6135394c,0x1b182d63,0xb4b476d9,0xf263d9d9,
0x2d1b2acf,0xb7756039,0x7ccf755a,0x6b98ccca,0xcfd97d6e,0x646bb7ca,0x702db7d0,0x664e4c73,0x7bb44e2e,0x763a6368,0x72987363,0x7b57bfed,0x4c756a99,0xa19eb3d8,0x6fccc2a1,0xa3c4cc4c,
0xa793c4e8,0x4df5eea7,0x12141212,0x90141212,0x9590908a,0x12879595,0x12121212,0x8a878a46,0xe7e7e795,0x46468ae7,0x29878746,0x04020c0c,0xfd532713,0x2892182f,0x54541713,0xc3268b48,
0x4853311e,0x172827a4,0x1c2f3a27,0x48271713,0x0c0202a8,0x1f1f400c,0xd341201f,0xe3f1e3f0,0x3f3fd167,0x06060620,0x03030303,0x01010303,0x06060303,0xf0fbfb41,0xfcfcfce3,0xfca6e6f2,
0xeef3edeb,0xc9daabc9,0x78d4daac,0xb5e66c7b,0xed7b3b7d,0x797beeee,0x586f5799,0x2a2f557b,0x3d332b2f,0x3237786c,0x7d3b2b7a,0x33acb578,0x99997f36,0x7fafabaf,0x314f7f69,0x553d9b2e,
0x71182a6a,0xb5af7c71,0x1b181a79,0x4c62ae75,0xcdb49cae,0x6d602f59,0x6b6f347c,0x6b387138,0x2a2d3c70,0x7c55555d,0x344c5855,0x4cb06b33,0x2a292a5a,0xcf712a29,0xb4cc73d9,0xd073359c,
0x70183ddf,0x7e9b6076,0xb4b59e39,0xb47c989c,0xcfca9cbd,0xb84faed0,0xcfb39ebf,0x392f604f,0xcfbd7460,0x9a9e6f5d,0xe1603a74,0x4c38d8ee,0x9dbb9aae,0x919e6572,0x72729ea3,0xc28ce1bf,
0xe7dcdce4,0x87eee8e7,0x12121201,0x87121212,0x95908a8a,0x1246a795,0x12011212,0x87878a87,0xc3e7a787,0x46468ae7,0x18878787,0x4a02050c,0x49171752,0x8c2e1836,0x30492424,0x85508c28,
0x49395735,0x27519353,0x161c5413,0x18d8805d,0x0c051772,0x1f201e1a,0xd3201f20,0xe3f1e3e3,0x3f408081,0x0e06061e,0x0303060e,0x03030303,0x03030301,0xfefeff40,0xe3f1f1db,0xd9def2fb,
0xe0ece5eb,0x9999abaa,0xab7881cb,0xcccb57cb,0xac99676a,0x3c343ccc,0x7858556a,0x565f716f,0x3c5b5c5a,0x1a1b6837,0x55553cad,0x323b581b,0x58373d7a,0x3d55583c,0x53313334,0x7d3a1c31,
0x2d2d2d6f,0x6c2d2b1b,0x372b2db4,0xcc6c7b3c,0xbc9aafe6,0x614f5eca,0x6f7b3479,0x613c3461,0x2b373761,0x3c55343c,0x686f5534,0x2f382d1a,0x392a4b18,0x98b5331a,0x4cb2bd6c,0x6cbd382d,
0x2f5a755d,0x56394f38,0x7c7db070,0x7d757eb0,0xb0b0b19a,0xbf3a557b,0x73705e60,0x3e622f39,0xb8625b6f,0x18636f7c,0x9b643139,0x4c72e69b,0x67639a72,0xdc9d5d72,0xbe655d98,0xc291dadd,
0xfae4faa3,0x8af5f4fe,0x01010101,0x46121212,0x8a8a8a87,0x1246a790,0x01010112,0x8a8a8a87,0xe7e7a790,0x468a8ae7,0x1a879587,0x94050c15,0x0b4b551a,0x532e1c0b,0x48481348,0x314b8c48,
0x51533c3b,0x0b49522e,0xaa272710,0x0c191e82,0x29150b1a,0x0f1f191c,0xe3824120,0xdbf0dbf0,0x404081d1,0x06030640,0x0303060e,0x06060103,0x03010103,0xfef1f10e,0xfcfbf1e3,0xfaedfbf1,
0xeceeefeb,0xcccbeee0,0xe6cbb2b5,0xf2c9ace1,0xcb55ede0,0xcf6a6ff3,0xecceb56a,0xe1f2eeee,0xe2e1dfea,0x9ab6cad9,0x4ceccbb5,0x6a326f1b,0xbd3c99e1,0x7c79687d,0xb6d0d97a,0xb57c5e63,
0x7ebfddec,0x3a1a38ee,0x3de05633,0xbddfd86b,0xd9d0b7df,0x3d56cfe6,0xb0d9d57c,0x6d614c76,0x6f556add,0x4cbc7b57,0x4c7d3533,0x18182b33,0x6d2d6b56,0xcdcf6b6d,0x6fb4d99a,0xdffcf2d8,
0xeef2d8bc,0xd9c0b6d9,0xd9bbd0e5,0xd9bfe5cd,0x70ccb4ae,0xed6056d0,0xbc713770,0xbddfadaf,0xedd0cfbd,0xd0bdcfe6,0x31deeda1,0x4c9efad0,0xccdddacc,0xded8e2e5,0xedeab8bb,0xdee5f3ee,
0xfdf5fee5,0x12fcf7fc,0x01010101,0x46010101,0x8a908a8a,0x1246958a,0x12120101,0x8a87958a,0xe7a7e795,0x468a95f4,0x1c26958a,0x052e1529,0x652c1b0c,0x49ab1505,0x308c1310,0x4ba39251,
0x929f9255,0x0b52301a,0xd3271605,0x30323f40,0x02312e05,0x1f201e15,0xd641201f,0xd3f0e3f0,0x404081d1,0x03030e3f,0x1d060606,0x06060306,0x03030306,0xfefcfb06,0xfbfbfbe3,0xe0ecfbe3,
0xe6fefaef,0x99e0f2ac,0xdae1e17b,0xe1f2eed4,0x587bd4b5,0x7c6c7de1,0xdfedb56c,0xedecd5e1,0xbde6cee2,0x385d5b59,0xcedfcd68,0x3b1b37b7,0x9a3c55af,0x562b567c,0x3c7a5674,0xab3c796f,
0x5661719a,0x29337cb4,0xe1cd3a36,0x2a2b1857,0x9cad563a,0x563c9957,0x7199e66b,0x5633bdb7,0xe6565d38,0x6ada3335,0x376b1a29,0x561a2d61,0xe2355ecd,0xb0bdbdd0,0x29385e2a,0x1afa2b29,
0x3570ae1a,0xe2e561cd,0x3c3d38cf,0x354ca037,0xdf635761,0xcdb098df,0x70747160,0xceb07ed9,0xd0effaee,0xd9d9ede6,0x6a5ecaca,0xd8e6e2cf,0xbcefefb4,0xe6d7edd8,0xe1edddcf,0xe5eee6ef,
0xf9c3c496,0x12f4e8fd,0x01120100,0x46010101,0x95908a87,0x0144908a,0x12121201,0x90878787,0xe7e7e795,0x4687a7e7,0x16479587,0x0b0b2e2e,0xf0656716,0x05f00516,0x92162804,0x91a452a5,
0xc0cd9291,0x13162e31,0x809f2e0b,0x1794f080,0x02055213,0x20202b0b,0xd641201f,0xd3e3dbd3,0x403f80d1,0x0306063f,0xfdf18203,0x06030380,0x03060606,0xfefffb1d,0xfbf3e3f3,0x78ecebc9,
0xf2f3ece5,0xb2acb2b5,0xafdfe1d4,0xc8ecfaca,0x78e2e1aa,0x686868c9,0xa0b4b4ca,0x7a79ab7f,0x1b5b616b,0x7bb4716c,0x76742d68,0x6caf6c61,0x7dcccbaf,0xcc787dda,0xc9ccd9d9,0xcd577bda,
0x3a617c7e,0xbb575d38,0xecca71ae,0x74181a35,0x633434dd,0xb2bd5b2a,0x612daec9,0x6a2bcdd9,0x7ce1a0bd,0xb26a3c2a,0x3471ddcf,0xd83c3432,0xf2701acc,0xddc0bde6,0x63bbae98,0x2af22b2b,
0x4f34d86b,0xeaddd9a0,0x34689cd9,0xd9b49a37,0xb7ccdfee,0x575d9eb7,0x71b7625d,0xcecc7364,0xabd8bdcc,0xbce09f60,0xbcad7cae,0xd8e2ecbc,0x71a0ef71,0x6f589ab2,0xcc9d9a9a,0x9dc9cbe2,
0xf7e7a493,0x46fae8f7,0x01010101,0x25010101,0x958a8787,0x12258a8a,0x12121212,0x90874646,0xe7f4a790,0x8787a7a7,0x05479587,0x96040402,0xd9ef4816,0x05532730,0xde48170b,0x8f4ba854,
0xa11c3191,0x132e9fc1,0xd693170b,0xf813f8fc,0x0b0448fd,0x20411c05,0xd382201f,0xd3828282,0x8080d182,0x0306063f,0xf0f3fc1d,0x031d40aa,0x06060606,0xfefcd31d,0xe381d1f2,0xace6c9e0,
0xfaedacab,0x676755bc,0xceaf6868,0xe1eeecd4,0xb5e2dfc9,0x6a78cedd,0x6259c9af,0x74687f6e,0x75595b64,0x6c7d7fad,0x64362f3d,0x7dccb860,0x3c79aed8,0xe2d5b96c,0xc9b9b1bc,0xcd7070b1,
0x35767369,0xab71d838,0xcfcd7ab4,0xea2f0c35,0x1b5734ed,0x75cdd033,0x983498bd,0xbd5d5ab0,0x38cdc06d,0x3c34bc2a,0x3438d8da,0xf2cc332b,0xcdea2a7c,0xbdb79b9e,0x74616a7d,0x2acc4f76,
0xb62d3471,0xbcaf664f,0xd9dab7bb,0xfabc4c98,0x3973f2fa,0x4c182f4f,0xb06d74b4,0xd8bcbba0,0xb49a7d70,0xafc9312e,0xb170b0cf,0xe2cfd8cd,0x9e64dfd8,0x603738ae,0xbc606666,0xc2daacd7,
0xf5a492dc,0x25f3c3e4,0x01010101,0x25010101,0x8a8a4646,0x01148a87,0x12011201,0x90878746,0xc3e7958a,0x8787a7a7,0x0b1ca78a,0xfd0b022e,0xfd9613f6,0x1648a6e9,0x28e51717,0x91532f88,
0x28672e9f,0x31665152,0xf896280b,0xe61717ff,0x02028ceb,0x20821c16,0xd3822020,0x823f3f82,0x40d18182,0x1d0e061e,0xf0f2f2f1,0x0640d881,0x03030606,0xfbd3d61d,0xd1d2c8ee,0xb8e0f0f2,
0xefed81b7,0x5ab5ac7b,0xb599af6b,0xd4e1ede1,0xd9d9dfd0,0x797be2ea,0x766068ab,0x606c5f7d,0x6d7c7d4f,0x4fab79b9,0xb85e625e,0xab3964bd,0x6bbc71ab,0xceadbcb5,0xabced5b9,0x745eb7b7,
0x386f6070,0x757ce26f,0xddd09bb3,0xcd601b35,0x1b2dcdfa,0x359ab736,0xb33d6d5b,0x7e5a3d76,0x9c9c743a,0x323c7c98,0x57aef2dd,0xbb682a38,0x2db7709a,0xbb60a060,0xcdd8b255,0x2a5d615a,
0xd06d2d2d,0xb5799bb3,0xedf3bcbc,0xed9b5b7e,0xd0669ffa,0x763a60bd,0xbd5e5a4e,0x9fb5abd8,0xb4b37d4f,0xd499319f,0x9870bde2,0xd9dddfd8,0x7bbfdddf,0x737b9a71,0x9a9dbe73,0xa1d7bacc,
0xf5a4a4a4,0x46f5c3f7,0x01010101,0x14010101,0x8a874687,0x01259587,0x12010101,0x8a8a9087,0xa7e7958a,0x87879595,0x1c15a78a,0xc548020c,0xff0b1792,0x548ca8eb,0x271751c0,0xa5305049,
0x8c53db9f,0x13164828,0xfae25427,0x30530bc5,0x050588a8,0x20410c05,0xd6821d1d,0x41202041,0x40408082,0xf2e31d20,0xd1f1f3f2,0xd6aaaa80,0x0606031d,0xd380f020,0xdbd1c8f0,0xedfbecf0,
0xece1aabc,0xb43835b2,0xb0b57b7c,0xacdadab3,0xdae6e6cf,0x673bafed,0x9c76366f,0x2f615c5f,0x3d6c5539,0x5e74abca,0x624c397a,0xcd6d7bb7,0x79b97dcc,0xdf6d6a5d,0xc0bdb5c9,0x9bb3b9bd,
0x707e7c9a,0xbdb97636,0xd8625ee2,0xa05a7c3d,0x1b1b6fd9,0x367e3838,0x9d98702d,0x352a4c64,0xae5b702d,0x33709ab4,0x5b635c2d,0xb3d9b77c,0x39e2d098,0xa070765d,0x61d8e1a0,0x4c5aae71,
0xbcd9bc29,0xccca706a,0x7ee6d8bc,0xc064604c,0xb0ce31b7,0x76646264,0xbdc97276,0x66b299cc,0xb0ae7a4e,0xcb5e4edd,0x7560cddf,0x9eccbfbc,0x63e6efe2,0x4e39645d,0xcf756576,0xdce4efe5,
0xeee8dcbe,0x87f5e7f7,0x12121201,0x25010101,0x8a8a2546,0x01469587,0x12120101,0x90879087,0xa7e78a87,0x8a959595,0x0547958a,0x968c0405,0x94054524,0x17a8f8fd,0x9424050b,0xdef95449,
0xd9decfe0,0x271392a5,0xf3bcab9a,0x17c01748,0x05058c48,0x20200c05,0xdb824120,0x201d2082,0x803f3f20,0xe3f28220,0xdb8282d6,0x7b817777,0x0606061e,0x82d1fc41,0xe3f0d682,0xe1e3ecbf,
0xdaec7bae,0xc93c4cd8,0xe2734cda,0xc9cbf2df,0xdaccd4e1,0xbc68ace0,0xb6d9745e,0x1c6c6c61,0x717b572f,0x3e39b45c,0x597a316e,0x74adacaf,0x5b4c68ab,0xb75a3e7a,0x75bbb2ac,0xcdbfb373,
0x7eca7fb0,0x70aeb0b3,0x6f2a70b5,0x2959d070,0x9b2a79b4,0x3860bdc0,0x9abb3738,0x18336075,0xd05b5c1b,0x1b3c569a,0x3c695b2b,0xb8d99c5d,0x35b6df5a,0x65632f2a,0x5657cccf,0x296f61b2,
0x72b19a56,0xb4ca4f63,0x38bcbcb2,0xc05a6b33,0x9b635e73,0x6439754f,0xb07164b2,0x31d89bbd,0x60aeb42e,0x631c76df,0x9e98bbb2,0xbae1ab7c,0xd9ede6dd,0x4f3976b3,0xd8de9f9f,0xe1eceddd,
0xe8e4e5e6,0x46f5e7fa,0x01120101,0x46010101,0x8a8a4646,0x01258a87,0x12121212,0x878a9087,0xc3e79587,0x8a958a95,0x05268a8a,0x27880504,0x270b3013,0x94ded9fe,0xc4481717,0xbcdec5c5,
0xa4d95281,0xe29327a5,0xfc9c3139,0x0bc12717,0x05054817,0x20200c05,0x82824120,0x201d1d82,0x3f41201f,0x82f18220,0xf2d38282,0x2f2a78b7,0x06060619,0x82d6f01d,0xfbf0d182,0xcbdbd4e6,
0xecd4cfc0,0x4f7eabda,0xc970766d,0xf3ede6b4,0xd4cbc9e1,0x9c9a7db2,0xa0edb03e,0x182a6c62,0x98ac554f,0x59393b32,0x2e2f7a62,0x5973b6b0,0x68687cda,0xb5742a68,0x9cb5cccf,0x9c9abb7e,
0x3d9c7e73,0xc076765e,0x394fd0b9,0x2d1ba131,0x34386372,0x333362d0,0x349a292d,0x3a3d332d,0x57377bcd,0x6b557c7c,0xb37e61b6,0x98f2c09a,0x4c3ad92a,0x6060a09e,0x57324c7c,0x2ada615d,
0xb47a9e5a,0xba7560a0,0x70bbb4d8,0xf37e7133,0xb0b3b0d0,0xbbbfa060,0x5d3c3162,0x2ecc7ead,0x4fb2762e,0x2f2eb9cf,0x9cbdc0ae,0xe2eabcaf,0xdef3f2e2,0x50a0ccd8,0xd8a3d953,0xd8d8edc0,
0xe4eee5c0,0x4df5eeee,0x12121201,0x44010101,0x878a4687,0x12258a46,0x12141212,0x90959587,0xa7e7958a,0x8aa79595,0x0226958a,0x13480505,0x1316160b,0xea5376ff,0x9313e9e9,0x9150c24a,
0x8c548c53,0xa1fbc492,0xee63534f,0x13c4490b,0x05044805,0x82410c0b,0x20824182,0x201d0e20,0x20201f1f,0x82e3411d,0xf0d3e3d3,0xb2657bc8,0x0606061e,0xe3fbdb0e,0xfcf1e3e3,0xfafaedee,
0xb2e0cccd,0x6ecdb0bf,0xcbbbd4ae,0xe1eee66a,0xcbe1ccda,0x3d7d35ac,0x76ed743e,0x1c29ab35,0xb7ab374f,0x6139783c,0x39607fad,0x3a9b766e,0x7ab5daae,0xaf6e333b,0x9c7cd9b9,0xb0cee2a0,
0x59615f5e,0xca9c7e71,0x3a29bbae,0x6a1a2f4f,0x2b3c75bb,0x35636156,0x6b7b3c35,0x614c566b,0x563d347c,0x7e5bd95b,0x9e9a3ccf,0x35d96270,0x2a4c6d2a,0xa173bd9d,0x3534bf9c,0x2d7c5d7c,
0x7b4c6b38,0xcab45a56,0x9eb7d4b5,0xcfb0c9ce,0x734e9e66,0x319e602f,0x58574f62,0x4eabbcb4,0x2fb3602e,0x2f31cfbd,0xb763b34f,0xede29ad0,0xa3faefe5,0x4e669bcd,0xdda3bb60,0xede6eed0,
0xe7efc1de,0xa7f5e8e7,0x12121212,0x25121212,0x878a4687,0x12468787,0x12141212,0x95958a87,0xc3f4958a,0x9595878a,0x0547a795,0x0b480229,0x05513005,0x4917d8eb,0x93a8fec1,0x8c914848,
0xef8ca6a4,0x27f3f3a8,0xe5992e2e,0x0b922705,0x05022710,0x82823205,0x0e208282,0x1f1d0e0e,0x1d1d201f,0xe3fb1f1d,0xe3e3dbe3,0xd2c8c880,0x0606061d,0xfe800606,0xf1fffefe,0xeecbb581,
0xcbe2edbc,0x764e31cb,0xcc643e6d,0xe6e0ec7b,0xb2daced4,0x594c2d78,0x6dee747a,0x1c1aab38,0x6a783739,0x5b2aab4c,0x5c593e6e,0x6b7c616a,0xb05a6bab,0x7c627ead,0x637cad99,0x9bd0b666,
0x6b6271a1,0xa09a7eb0,0x372f637c,0x371a2f2b,0x2a613338,0x2d4c712d,0x607cbc38,0x4ca0359e,0x2a577156,0x6259b71b,0x56d9d8cc,0x1bcdbd33,0x2d33336d,0x64375635,0x5b38b73a,0x2a3838d0,
0x5a5e3a2d,0x576f9a39,0x5dcfcc7b,0x795b7c63,0x7c6a644e,0x64606d7e,0x9968597a,0x31abd4b5,0x31cf311c,0x2f2fd9b8,0xbd985e1c,0xefe67cb0,0x9fe1e6e6,0x606070d8,0xd0c19fa1,0xe5f2e6dd,
0xf7e5a5de,0x95f7f4f4,0x12121212,0x25121212,0x87874646,0x12468746,0x12121412,0x8a958a87,0xc3e7954d,0xa7a78a95,0x0c90958a,0x05280505,0x04522804,0x4852f28c,0x28f2f330,0xf6c44af6,
0xeafaacec,0x17f3ee8c,0x8cc91630,0x16275217,0x0c04280b,0x82821805,0x0f828282,0x0f0e0707,0x0e0e0f07,0xd3e30e0e,0xfbe3d3d6,0xd2d1c85c,0x0606061d,0xdb0e0606,0xe3fbfdf1,0xde67aac9,
0x6accd5ed,0x4f39397b,0xd43a3678,0xececf2cc,0xabc9d4d8,0x9c56336c,0xbded7fb9,0x2929681b,0x715f3736,0x5659555c,0x68566c56,0x5e787b6f,0x71ae5e75,0xbc746261,0x6db06a6c,0x73b04fb8,
0x6f6b7a60,0x605d6e7f,0x371b345f,0x382a292a,0x333a7057,0xb0605998,0x2a33d0ef,0x2b1b624c,0x4c343434,0xda3db02d,0xd9d9bddf,0x36b1e270,0x734f38bb,0xbb29333a,0x2b38565a,0x292a182d,
0x3962602a,0xaebc982f,0x4bab7db5,0x6a6ab273,0x7a686464,0x5e9a5b71,0x5858396b,0x31617b99,0x2f602e2e,0x649f6060,0xae6a1c31,0xe1e6cccc,0xa3eed9d9,0x504e9b9b,0xc0a16666,0xd9eedfd8,
0xeaedeac4,0x8af7a7fa,0x12121212,0x44121214,0x46874646,0x12468746,0x12122312,0x4d959587,0xc3a7a74d,0xa7c38795,0x054d9595,0x0427040b,0x0b494805,0x96a6fa4a,0x48f0dd27,0xf68cfd94,
0x8cf35381,0x28e5f18c,0x48e62754,0x0b93a417,0x05058c13,0x82821805,0x0e828282,0x07070707,0x0e0e0703,0x82821f0e,0xf3fbd682,0xb2807869,0x0606031d,0xf10e0606,0xf1f0ffe3,0xa4b07bec,
0x6fd9ccd9,0x7bb27b68,0xb5abcacb,0xeeeeed9a,0xbcedd8da,0xbdb01b5c,0xcd7674a0,0x36745e37,0x6e583c3a,0x564f6c3d,0x38337c5b,0x3e9b9a55,0x4c7a7f7c,0xb99b3537,0x717c719c,0x563d5b7e,
0x3c3d562d,0x5b637b74,0x372a5e98,0x352d2f36,0x2d2d605a,0xd0597063,0x2a2d6dd5,0x1a1b2a35,0x735a3a35,0xbd567c38,0xdfddbdb7,0x35719a35,0x1b1b987b,0xae5b5e39,0x1b5d9a4c,0x1a33292a,
0x986b9a2a,0xb2da9a60,0x9ebd6bbc,0xda6a5760,0x572d4fa1,0x60735e4c,0x37573a64,0x313a72ab,0x392f361c,0xbdd92f4f,0xcb2f2e9f,0xd4e1cfdd,0xc0faeacf,0x98769fa0,0xd9c0bfae,0xdde6dfc0,
0xdec4c4e5,0xa7c3c3fc,0x14121287,0x46141414,0x87874446,0x14464646,0x12121414,0x4d95a78a,0x95a7958a,0xc3a78795,0x048fa795,0x0b480402,0x0b495405,0x92a1ff13,0xa6f0de13,0x8ca8fc48,
0x48f2e94e,0x2792fbd0,0x13fe4816,0x2716a40b,0x040b2810,0x80d31802,0x07824180,0x03070707,0x0f070303,0xd3d30e0f,0xf0f1d3d3,0x81777777,0x0303030d,0xd6060303,0xfce3fbfe,0xde9a81f3,
0xc9e2cfcc,0x339c707c,0xae387156,0xeee1e1bc,0xcce1e2e1,0x73d07a4c,0x3e1839d9,0x761c1c3e,0x7d712f39,0x332fad3c,0x9a2d3356,0x39314f5b,0x566b6cae,0xb174705d,0xb4ae6fb0,0x74717aab,
0x634c5638,0x98a0747e,0x2b9b6361,0x63332f3e,0x2a2f2a33,0xb7705736,0xb3373d60,0x1b2d56bf,0x1b1b6038,0xd9752d61,0x98a09ccd,0x376f3c1a,0x342d637b,0xb4b22d2f,0x35999a2b,0x2d4c3a5a,
0x62626537,0x996b564c,0x68ae6fb2,0xb4b56033,0x5635734e,0x76663161,0x4c5a4f76,0x2e1ac9cd,0x392f2e66,0xdd66294f,0x761c669f,0xbdbc9abc,0x9fedcfcf,0x706050b0,0xc053649b,0xe1ddd9bd,
0xdee9c4ea,0xc3e7c3e8,0x141244fc,0x44141412,0x46464646,0x12464646,0x12121212,0x4da79587,0xa7c3958a,0xc3c38795,0x0550a795,0x020b1705,0x13280b17,0xa0c1f90b,0xe6e1a527,0x88fcc528,
0x8ca1f292,0x2748fbf1,0x05f8a42a,0x05275116,0x05058c13,0xdb823204,0x031f82d6,0x03030303,0x07030303,0xd3820707,0xf0f1d382,0xaa407780,0x0606030d,0x3f030306,0xfbfbf1d6,0xb8abe1d2,
0x79cacee6,0x7e663073,0x793d6a7e,0xcbeced7d,0x6a7bccd4,0xbd3adf74,0x360c39d9,0x6e5e1b59,0xa0c0763d,0x3d357b58,0x712d3337,0x2f363961,0x6a98604f,0x7fb36461,0x7c7babb4,0xbb703d5b,
0x2f735e73,0x7475562f,0x1b3d5760,0x602d2d39,0x7635182d,0xbdc0b9df,0xcf645b5b,0x2a2a56bd,0x331a6064,0x3a2a2d3d,0xb05fb6b6,0x33613461,0xb73a7537,0x637e602f,0x5a72bc6b,0x1b386b60,
0x634c6f3c,0x999a9b2f,0x587b7bb2,0x4eb4ccbb,0x5c2f6631,0x60762f5a,0x33344f73,0x2f2a9cea,0x604e4f66,0xc04e3164,0x39319b66,0xb0b1bdbf,0xa1dad0d0,0xb373665a,0x9f916076,0xd8d0d5b7,
0xc5e9c4de,0xc3eec6fa,0x12128afa,0x25121212,0x46464646,0x12464646,0x12231412,0x90a79546,0xe7a79585,0xa7a78a95,0x05909595,0x27130216,0x48130b0b,0xacefa80b,0xdbda5430,0xa8fa4994,
0xd928f0ec,0x4e30e1f1,0x0248f658,0x02274852,0x15058c13,0x82823205,0x0782dbd1,0x03030303,0x03030303,0x82d30707,0xdbf1d382,0x78403b40,0x0f06030d,0x1e030307,0xf1fee340,0x666be6d2,
0x78cce1f2,0xca6064b2,0x684f66b5,0xd4d4e158,0x5658ace1,0xb95e5ece,0x2d182fb0,0x56332bcb,0x766d373d,0x3833cc59,0xb76d6c55,0x33356dad,0xb37e3939,0xb371596d,0x6158786f,0x6e573a6b,
0x391a2a71,0x9b6456b6,0x76187664,0x4f1c2d73,0xe26b2d2a,0x7e5933bb,0x6bb76a3d,0x2d2a2a57,0x73294e9e,0x2d293574,0x5656cf75,0x1a33bdcf,0x70396f32,0x70d0643a,0x384c5d98,0x29295e4f,
0x98606333,0x6f6f764e,0x6bb2685d,0x1c60b598,0x5529644e,0x66a03199,0x63553976,0x3960669f,0x2a2a2e2a,0xb84e1c31,0x31769fa1,0xd0b7b776,0xa1e2dfd0,0xc0739f70,0x9e5364c0,0xdee6e199,
0xa6a6ebea,0xe4e4e4f5,0x121295fc,0x25121214,0x8a874446,0x12254646,0x12462512,0x8595a787,0xe7959590,0x959595a7,0x05959595,0x278c020b,0x8c131302,0xd8eb1710,0x9ded174e,0xeee548fa,
0xfb8c92fb,0x992e65f0,0x0517f660,0x05282849,0x15051704,0x82822b1c,0x0fd3d180,0x00030303,0x03030300,0x82d30703,0xd6f1d382,0x73802a32,0x03030006,0x40030103,0xf1ffe380,0xc179e1e0,
0xb4b5cbed,0xd07c73b5,0x996d3176,0xedededbd,0x9a6ac9ec,0xbdbf33e6,0x1a18297e,0x2a335ab3,0x6b351b33,0x36369958,0x797c5c37,0x3e60626a,0x7c6e6439,0xd97e3a9e,0x6bbaccb4,0x6d395373,
0x76601b2a,0x9e9863b7,0xa0c0a073,0x292f2935,0xe6e2d029,0x746262b7,0x3ca0734c,0x4f3a3836,0x392f2a4f,0x64765a2d,0x1a2b993c,0x1a346b38,0x185d7f1b,0x9e2d2f2b,0x2dbdbd6f,0xefbd9e29,
0x73a06031,0xbcb5b373,0x63ccab6f,0x313add6a,0x7b60604e,0x4f737374,0x7c6f396d,0x2a3166bb,0x1c182e31,0xc1661c1c,0x4e9ec0d9,0xaeb77c39,0xd9f3b298,0x9e4f537e,0xd8605a9e,0xf2f2f2cc,
0xe5c4a8de,0xeee8e8f5,0x1414a7fc,0x14121225,0xa78a4646,0x14254687,0x12462512,0x85a7a787,0x95a79590,0x8a878a95,0x1ca7958a,0x04050515,0x28450b0b,0xe9c50b13,0xbeef3064,0xfa528cfc,
0xfbed8ccf,0x9a5349f3,0x170bc5a1,0x040b278c,0x2902940b,0x4182322e,0x0f82d33f,0x03070707,0x03030300,0xd3d30703,0xe3db8282,0xbb772a33,0x0000000d,0x80010000,0xfbfcd680,0x76c9cbe1,
0xd5e1e0d0,0xbd5330c9,0x6b3976bd,0xe1cbf2b0,0xbc37c9e6,0xd0a073b3,0x18182ab6,0x2d181a2a,0x7b79713c,0x692db56a,0x3c587968,0x685e3e58,0x3a56796c,0x74752d73,0x61d99a7c,0xa02a6062,
0x36602a33,0x4c602d2f,0x2b2a6860,0x3a4f763e,0xe6e1bd4f,0xb760749c,0x574c2a3e,0x64603875,0x2d1a1b4f,0x2bb62a29,0x1b4c5b32,0x1b576b2a,0x1b2b2d38,0x65336363,0x1b74742a,0x4fdf392a,
0x642f2f1a,0x9a7ebd9b,0xcebc987c,0x60355fb1,0x7b3a319e,0x629e6060,0x579e2f5a,0x6a5ce0cf,0x2f1c1c3a,0x604f2f2f,0x6676bbd9,0xccd9d866,0xc0edddcf,0xb2654e76,0xc064b4b3,0xe5e6e5b4,
0xe5c1a4c4,0xe8e8faf7,0x1425a7a7,0x25121446,0x8a8a4644,0x14464687,0x23252514,0x4da7a790,0x95a78d90,0x8a258795,0x1c4d958a,0x450502be,0x2413040b,0xc58c1048,0xa48ca3cb,0xcf8cfafa,
0xf0f0a894,0xe14e4892,0x960448e9,0x050b0b28,0x3105520b,0x41821e1a,0x0f828220,0x03070707,0x03030300,0x82820703,0xe3d38282,0xd2323b33,0x0101000d,0xd2030003,0xfbfc8080,0xa1c8d8cb,
0x9cdfecd9,0x7f6666bc,0x714f769a,0xc9c9fab2,0xcd38cae2,0xcecabd7e,0x181839cd,0x382a362f,0x7a5c716b,0x6b33796c,0x68586c58,0xca4f6179,0x606037b1,0x3d35352a,0x627433d8,0x3e59b17e,
0xa1762a33,0xb04f9bb7,0x7e2d3ccf,0xa062bd7e,0xd9edcfd9,0xb7b6741b,0x9e2a184f,0x60334c76,0x392a293a,0x2d641b2a,0x2a2a342b,0x592b3533,0x98381a6f,0x60986faf,0x1829364c,0x1add352d,
0x642d1a1a,0x333d6053,0xafaf9a7b,0x995d345b,0x785d5360,0xabbb7363,0x5d6f316d,0x61576398,0x2f4e604e,0x66604e1c,0xb8c1cdc0,0x99b1e292,0x73cbe2d9,0x9f66a173,0xc0bfcf9f,0xa3d0cf9e,
0xeee154a1,0xe8e7f5fa,0x1446e8e8,0x46121223,0x878a4446,0x12464646,0x25464612,0x8795958a,0x90958f47,0x8a258a8a,0x184d958a,0x480b0b4b,0x24130b02,0xf84810a8,0x884a7be2,0x8896eeea,
0x7bf2e3c5,0xdd9f9651,0xc50b0beb,0x050b1348,0x0c0c0b13,0x41823f15,0x0f824120,0x03070707,0x03030300,0x82820703,0xd3d38282,0x813b773b,0x03030106,0xdb030003,0xe3e3d182,0xc1e0f2db,
0x70f2f366,0xc9afb7cc,0xbc7371da,0x78d4f29a,0x56b1d4cc,0x4f66cd3e,0x2a1ba0b7,0x1a1b592f,0xad7c6b9a,0x612d6858,0x797d3c3b,0x69606868,0x717a717a,0xd06d2933,0x2bb03a76,0x1a5a7c3d,
0x4f35362d,0x7f364f60,0x2a5971bc,0x4e2a391a,0x9aee6d2f,0xbdb72d18,0x9b602a74,0x4f295976,0x2d2a333a,0x37642929,0x2d351a1b,0x341a2a2a,0xe2702d99,0x385b2979,0x6d4c7556,0x29b3d0b0,
0x2f3a1a1a,0x6356562f,0xb2ae4c5d,0x6fb26b65,0x684c535b,0x5d56605c,0x3737316b,0xc0716f78,0x39c09b4e,0xc0b72f2f,0xbd9e764f,0xcdcfbc9f,0xa0cbe2df,0xa366a3bd,0xcdcdc0a3,0xdec0dd6b,
0xe6dd929f,0xf5e7f7ee,0x1287e8e8,0x46121225,0x87874646,0x12464646,0x46874612,0x4dc3a78a,0x87908a87,0x87238787,0x1c4d958a,0x16050b18,0x28130402,0xf81013a8,0x4a93aceb,0x96e3dca6,
0x54e3e3e1,0xebce528c,0x8c8c0beb,0x040b2827,0x0c15040b,0x41413f15,0x0f414120,0x03030f0f,0x07030300,0x82820703,0xd6d38282,0x55405532,0x0703030d,0x40030106,0xf0fbd382,0xc0b2f3f2,
0xb2f3da9f,0x7e6b60b5,0xb05e646a,0x9aafda76,0xb0d9b2b5,0xc0c1cdb0,0x337acaaf,0x39362f1a,0x9cdd6260,0x3d337857,0x5578681b,0x3859582b,0x5c7dad6e,0xbdb06875,0x37b07e63,0x292d3857,
0x291a3333,0x2a182a3d,0x182d1a35,0xa12f2f1a,0x3d5aa0bd,0x64351b75,0x7576755e,0x29319e6d,0x5b2d292a,0x5a702a2a,0x1b4c2b2f,0x6f2a2918,0x9a5a349a,0x9e342a9a,0x73eecfb3,0x29345bbd,
0x57633d1b,0x2f604c37,0x5d3c3a75,0x9a7bb2b2,0x713a315b,0xcf78353d,0x5b38316a,0x9f9fc0b0,0x6d9b6053,0xd0cd3960,0xe2c1e2d0,0xbde1e6f3,0xbbccb0b7,0x9f60539e,0x664e6091,0xd099bf75,
0xe6dedecf,0xeef5fce8,0x1444e7e4,0x25122546,0x46462544,0x14254646,0x878a8a25,0x4da79595,0x87879087,0x87254687,0x1c90a787,0x1702161a,0x13130b10,0x8c108c24,0x96c5f6eb,0xe4e1de8c,
0x946fd6f0,0xf8d5c58c,0x52f81713,0x0b0b1324,0x0c180217,0x2020194e,0x1f201d20,0x00030f0f,0x07030000,0x82820707,0xe3d38241,0x55323240,0x0707031d,0x20010307,0xf0ffe3d6,0x7067e0e3,
0x99cb81b0,0xab786f6a,0x5737bbbc,0x6f7dd563,0xedf3af58,0xededb7d0,0x5faeb1b4,0xa02f181a,0x9aeda0c9,0x38355a18,0x58785c2b,0x7c4f6858,0x7c71567f,0x7ea07c71,0x7e5b3435,0x5d387e7f,
0x3d372b5a,0x18295b4c,0x555c3a2b,0xe22f3961,0x336b629c,0x2a2a5bb7,0x4f3a9bde,0x602a9e73,0x1b2d2d39,0x4c5b712a,0x1a3d3429,0x992d2918,0x2d2d9d5d,0xb7371b37,0x1b64aeba,0x4c2d1b1b,
0x576c572b,0x2f5d9999,0x6b6f5d39,0x9a987c72,0x63394e63,0xb0987498,0x4e9b2f6f,0x66c1c166,0x2f312f39,0xb7c0d9b0,0xedd0d0cd,0x61b3edef,0x3868987c,0xbd9ec039,0xa04e3998,0xbab2cc98,
0xe5dedacc,0xf5f5fae6,0x2544c3e8,0x25142546,0x46461425,0x12254646,0x87878725,0x4d4d8a90,0x87878787,0x46234646,0x5090a787,0x0b022e0c,0x13130b10,0x0b13a848,0x5196f8c5,0xf5e4a894,
0x8c5340f3,0xa8f6a8a6,0x8cc5880b,0x48100b52,0x051a040b,0x1f1f1e1c,0x0f1d0e1f,0x03071f1f,0x07030000,0x82410f07,0xd6d34141,0x3b3f4040,0x0f07070d,0xe3070307,0xd3fcfcdb,0x9f7bc981,
0x6899cfd9,0xda6c557b,0x5d9aaeda,0x3db4cf2d,0xe0f3eeaf,0xb93d6ccc,0x69b7b9d5,0xd53e2d36,0x67af3974,0x5c383a1a,0x7858375c,0x7c646caf,0x73743d68,0x9c3a3837,0x7e613356,0x561b2b38,
0xb31b1a5a,0x181b2f60,0x7b7b6138,0x3a33aed5,0x2a635e18,0x2a1b3575,0x5e5e3973,0x752f7364,0x181a1b73,0x2a3d604c,0x336b2d1b,0x2b1b3a1a,0x3d2d3c5d,0x614c9857,0x555a3534,0xe25d291b,
0x6c384cbb,0x2a33aeaf,0x6abc6c35,0x7b6b9863,0x392a394c,0x5b567560,0x2e4e605d,0x64666439,0x64539f4f,0x9c7460cd,0x7f719bdf,0x61cfedcd,0xb4c9d071,0xd9c0d9e6,0xaeb076b0,0x98c0ae4c,
0xc4e5ccba,0xe8eefaee,0x2546e8ee,0x14121444,0x46462314,0x12252525,0x8a464623,0x87878a8a,0x46464646,0x44232525,0x314d9595,0x05050b0c,0x13041024,0x0b884824,0x48a8c548,0xeee9a896,
0xa88c70c8,0x48de93a8,0x968c8c45,0x4810040b,0x052f0c05,0x1f1f1e16,0x411f1f1f,0x411fd3e3,0x82820f0f,0x41820f0f,0xe3824141,0x40327740,0x0f0e070d,0xfc0e0307,0xd6f1fbe3,0x53aad481,
0x55cbf2d9,0xaf9fbd99,0xb5b061cc,0x5f7a6c5c,0x78e1f2b2,0x9e7d6a7b,0x384c74d4,0x395e7f76,0x3c68352f,0x5c33385c,0xab557a79,0x385e5555,0x4f5a3438,0xae2d1b3c,0x1b3a565b,0x4c2d4c6b,
0xad617274,0x2a1a2a61,0x7b7c6162,0x2a2a7a6e,0x625b1a0c,0x2a2a3363,0x60752a2a,0x764f9e63,0x1b2a2a73,0x3a2b2d33,0x2b4f342a,0x1b2a4c34,0x715d345d,0x386b634c,0x579a352d,0x9abcae63,
0x2b2f5a4c,0x382d724c,0x7bb46c33,0x57684c38,0x5b5a604c,0x5b6fb56f,0x4c316038,0x9b664c2a,0x314f3166,0xb7a05360,0x739e75bd,0x60bbcfb3,0xe6ae5634,0xd9c166df,0x9a66b7bd,0xe5ddb761,
0xc5dedde2,0xc3eef5f5,0x1487f7e8,0x12122525,0x25462514,0x12252323,0x87464612,0x4646878a,0x46444644,0x44252544,0x2e268a8a,0x05160b0c,0x0b0b0b13,0x138c4513,0xa8f8c513,0xe5969654,
0xa492a8c0,0x0b8ceb96,0x8c484a94,0x05170428,0x0a2f0b15,0x1f1f190b,0x821f1f1f,0xd3d3fbfb,0xf0f382d3,0x82820f0f,0xd3824141,0x673b4040,0x0707031d,0xf11d0307,0xe3f0f3d3,0x6681d281,
0xabe1eee1,0xaa4e396f,0x5f5e61ac,0x7f78af56,0x68f2ee6c,0x9bb97f34,0x5ac0bd76,0x333d392f,0x35b51b2a,0x352a182a,0x3c1b6e1b,0x33605b58,0x35353d5c,0xcc55325d,0x3c1a2bb1,0x71337c6c,
0x2b61635c,0x5d5e2929,0x2b553533,0x2d2a3e33,0x63561a1b,0x2fd06137,0xc0632a29,0x592a9bc0,0x2a2d635a,0x634c2a2d,0x4b632b29,0x3a2d382d,0x986f4c36,0x2b376b9e,0x38341a2d,0x3763704c,
0x5d63636a,0x55373c6b,0x5dabbc6a,0x61ab612a,0x714c2f4c,0x6b58346a,0x331c313d,0x6639564c,0x31605966,0xd0d95353,0x3d5e9e64,0x739bbcba,0x396caeb4,0x739ec065,0x604eb2a0,0xc1edd09e,
0xdee5c4bf,0xe4eeeeee,0x1225eee8,0x12122514,0x25251414,0x12141423,0x8a874612,0x2325468a,0x46264625,0x87252387,0x1522878a,0x0c1c0b15,0x10102405,0x8c482445,0xf8f84810,0x548c928c,
0x8ca6a8de,0x4827f6c5,0x134894f8,0x05482810,0x0c530539,0x1f1f0c0b,0x1f1f0f1f,0x41e3fc41,0x1fde9282,0x41820f07,0xdb822020,0x3d40403f,0x0f03031d,0xdb1d0e0e,0xdbfbdb82,0x9b78aa71,
0x6ae0edec,0xac6031b2,0x9a7cccb5,0xab7db234,0xb4e2cd2d,0xb6b46138,0xbdd5736d,0x563d3e31,0x1b992d18,0x342a4c2a,0x6879681b,0x3d36363d,0x616e353b,0x6bb59999,0xae2b1b38,0x2d2d2a57,
0x1b2a2d2b,0x2b333533,0x1b1b3435,0x2b1b3535,0x2a3a2a2b,0x64d95657,0x762a3a18,0x5e3862d9,0x2a34984f,0x3d6b1b1a,0x5dbc2a1a,0x3d18295a,0x4c34353d,0x3835346a,0x356b2d29,0x5b35574c,
0x9857617c,0x723c385e,0x617baeb3,0x4c5e3a37,0x376b3a34,0x6e2d3437,0x33294fab,0x2e60b45b,0x66536631,0xb79c76a1,0x384c61a0,0xb7b8cf9c,0x706bbccc,0xae9ea0b2,0x5d6f99b5,0xc4efe2ae,
0xeeeaa5b8,0xe4eee8e4,0x2344ddde,0x12149087,0x23141214,0x12141414,0x87878a25,0x2523448a,0x44442523,0x95252385,0x0b144687,0x1c160b1a,0x040b240b,0xf88c130b,0xebf81324,0x88c58ca8,
0x94e9c5a8,0xf81348f6,0x0b17c5c5,0x1816a828,0x0c310215,0x1f1f190b,0x4141201f,0xd1e3fce3,0x193051f1,0x41411f07,0x82822041,0x2b3f403f,0x0e07060d,0xd3411d0e,0x80dbd382,0x66aaac57,
0x68ccf3fa,0xb49abdbc,0xe2b969b4,0xafaeb4ae,0x5b6c7456,0xced09c2d,0x6e74d9d0,0x2a1a3a3a,0x2a59582b,0x34362f29,0x7d562b2b,0x2d2a1a2d,0x616e3734,0xae683832,0x5c7c1a37,0x5d613334,
0x6f37983d,0x565d566b,0x1b182a33,0x1b1b3d61,0x354c332d,0x382d1a37,0x2a2bce5a,0x609ba03a,0x3a2a9876,0x5b5a1b2b,0x5d797b4c,0x7a1a1b2f,0x5d373471,0x56633437,0x33357156,0x985d6337,
0x39573974,0x6a6f5538,0xac6a9999,0x2a3a737d,0x3738393c,0xaf719c7e,0x4e2e607e,0x64763166,0x6666534e,0xbfa066b8,0x29393e9e,0x2a4e9e4f,0x75986a57,0xbd9b4e63,0xddbf98bf,0xe9eff3cf,
0xefefe9ef,0xeee6eef5,0xc390e1e5,0x23e7eee8,0x25231412,0x12252325,0x46878a25,0x23144487,0x23124425,0x87448a30,0x0b0a4625,0x151c052c,0x27eb0405,0x96881305,0xf82810f9,0xa8a888f8,
0xeff6c593,0xf88c13f6,0x498c4aa8,0x4c500be9,0x0c0b021a,0x41201905,0xd6f3f341,0xdffbfcfb,0xa8d0f3f6,0x411e3c53,0xd3d38241,0x1e3f3f40,0x1f0e070d,0x821d1f0e,0xd182e3e3,0x9f78aa3d,
0x6fd8e6ee,0x9a596099,0xb49c3579,0x6a9a6a78,0x7aae334c,0x9a7e3a36,0x604f9c3a,0x7f594f5e,0xa09b7ae2,0x5d645d3d,0x322a2d33,0x1b2d2a2b,0xceda552b,0x71353332,0x566d5d58,0xb4ab5f5b,
0x6b7c9a6f,0x335a619e,0x2b1a1b2d,0x1a1a1b2b,0x352a1b1b,0x2b29182a,0x331b352f,0x9b64764f,0x6d294f9b,0x2d29387e,0x3557bc4c,0x5b182a39,0x4c5d4c68,0x37393a60,0x2b1a4c38,0x2d5d5b57,
0x395d362f,0x5d6a373d,0x725d756a,0x387c9aae,0x5b60666f,0x9863703e,0x4f4f4f7d,0xb275664f,0x2a632f5a,0x719eb45e,0x4f2f3938,0x3a66767e,0x5b7c9857,0xa076603e,0xd0c076b8,0xeaefedcc,
0xeaeadeef,0xe2dceefa,0xe890dcd9,0x46e8c6ee,0x46441412,0x12252525,0x468a8a25,0x12144487,0x8d234623,0x8ac3f7c7,0x0b144625,0x0c160b18,0xeb050b1a,0x4849a848,0xf6138cc5,0x5494c5f8,
0xe5eba89f,0xc5ff8c13,0xfd964953,0x661b0b16,0x0a05021c,0xf341180b,0xf1f0faee,0xf3dbf3fb,0xe1afe2ea,0x203fd4ec,0xd3d38241,0x323f3f3f,0x1f0f070d,0xd6410e1f,0xd182d6e3,0x9bac784c,
0x99cfe1ec,0x7aa076ac,0xab63ae7f,0x6e7db46a,0xb65e2a3e,0xd42f29da,0x7adaedd4,0x7fd0ced9,0xcc3e3a6d,0x7ea0697d,0x191b355c,0x3336351b,0x79b57c2b,0x2d1835b2,0x4cb0ad4c,0x79ab6157,
0x6b7c3a37,0x2b565b59,0x1a18352d,0x2a331b1a,0x181b291b,0x33355629,0x632d1b9b,0x9a576c9c,0x6d2a1a38,0x62295eb6,0x609c7b73,0x5c182d59,0x2f5d5757,0x571b2a35,0x6f3a2a63,0x353d6163,
0x5e4c3d61,0x6f3c3433,0x70b39a6a,0xb46d6a71,0x35334f6f,0x5a6b2d1b,0xaa572f5d,0x60392a73,0x75ae9a60,0xabb4d09a,0xb52f2fa0,0x9e664ed0,0x726faecb,0xb0b353c0,0xbf669e9e,0xeaeff3e1,
0xe8c1a3dd,0xc3c3fcfc,0xe89090a2,0x90e7e8e4,0x2525468a,0x46232525,0x87878746,0x12122546,0xe9e89744,0xa7e7f7de,0x0c0c8a87,0x0c050518,0xf8042e1a,0x54be93a8,0x1345fd96,0x51c5f8eb,
0x30ebc499,0xa4a8a80b,0xfdfd5331,0x1a2b160b,0x05150218,0xf2411905,0xf1f1f5e3,0xf23ff1fb,0xa44953de,0x20410f0f,0x82414141,0x3b1e3f3f,0x0e07071d,0xf2410e0e,0xe3d1d1f1,0x4f787433,
0xccdaecee,0x596e9acb,0x9a6dcd7c,0x74abd4ab,0xaf2a366e,0xec293ae1,0xc9cee1e1,0xb7e6b0cd,0xaeab2a5f,0x59605c7c,0x5635595c,0x382f3356,0x3d2d3733,0xb95f3d55,0x33613d3d,0x34615b4c,
0x2a2b5e35,0x3d332a2d,0x2a2a3a4f,0x1b2a1b1a,0x181a2a1b,0x353a352d,0x33719bc0,0x9ab46b2a,0x6235292d,0x623a5e76,0x4c746374,0x584c1a29,0x4c352d3c,0x6a55342d,0x566a3a65,0x985d5d57,
0x3e56335b,0x6f573e3e,0x63575d7c,0x5b9a9a99,0x613a2e3a,0x3d3a6160,0x6a5d4f56,0x59736460,0xd96d9bbd,0xc9aed0b7,0xcc602fb6,0x98534ed9,0xb77b6acc,0xd8dac0e2,0xdddee69e,0xc4e6ed9a,
0xfaefe5c4,0xe4e8eefc,0xc68fc2be,0xe8e8e4c3,0x2546f7fa,0x25142325,0x46878746,0x44232525,0xc5fce8c4,0xa7c3f4c7,0x0c26c3a7,0x18050218,0xf8051c1c,0x5dc1f651,0x2196488c,0xc5f8eb27,
0x1752de78,0xa5c5f8fd,0xfdfcc052,0x184c1348,0x18050272,0xec200c05,0xf3fcf2e3,0xc180dbfb,0x4f2730e5,0x20200f07,0x82201f41,0x3b1e3f3f,0x0603031d,0xfa820e07,0xd68241f1,0x6676cc36,
0xd4ace0fa,0x333dcccc,0xd8c9b16b,0x6e71cf99,0xf22f3ec9,0x682b6dec,0xb1b9b1af,0x337ecdd9,0xca993336,0x597e6374,0x3d33383d,0x332e4f68,0x372a2b37,0x2d563534,0x332a331b,0x5fad6c61,
0x2d387e7a,0x362b2a33,0x5e3d3662,0x2d383333,0x1a18182a,0x341b1b33,0x1a61d0dd,0xcf9c2a18,0x6d646070,0x384c5936,0x293a735b,0x3a37331b,0x372a1b4c,0x639a794c,0x5d4c4c34,0x5a9a7b61,
0xbb7c565b,0x2f3370b7,0x61719a3e,0x5763715d,0x685e2e5e,0x5b3d354c,0x9e7c6660,0x4f64cf76,0xdf7a315e,0xacaed0c0,0xbb5a6631,0x6e5353d9,0xe2cf5771,0xe2e2e6e6,0xd8dee6bf,0xefeed8bb,
0xdefaa3a5,0xe8c3e4fa,0xc3c3e6e1,0xf4e8c3a2,0x1446e8f5,0x23141414,0x25468746,0xc4c74723,0xebfcf7f7,0xa7e7e7f4,0x0b43e7c3,0x1802050c,0xff0b16be,0x96fdf692,0xfdeb9688,0xebc52413,
0x8c275ddc,0xa1c194eb,0x8ce9c594,0x04050517,0x0c05052a,0xdb200c05,0xf3fbe3db,0x9fd382e3,0x992e534f,0x1f1f0f0f,0x82411f1f,0x403f3f40,0x0703071e,0xf1820707,0x80d341d3,0x66cae039,
0xb2baeefa,0x59b1cbb2,0xc97c71ce,0xabb1d867,0xe02d3679,0x2d5c4cce,0xadadacaf,0x2d367a6e,0x6e782a36,0x3a606a5b,0x6e5c7156,0x4e534e59,0x1b1b2a33,0x18185b37,0x332a1a1b,0x2d7c7135,
0x3536353b,0x5e333338,0x1a183e3e,0x1a2b333c,0x2a1a1b1b,0x7018182a,0x4f3534b7,0xd9d96d33,0x636b333d,0x1a2a6174,0x2d385a60,0x342a3733,0x372a3561,0x55786f57,0x7c70ad5d,0x63605771,
0xb4b57271,0x726fbbb4,0x7e7cba9c,0x4e5b3d6b,0x5e4f764e,0x3c3a5d5b,0x60634e60,0x2f3a7960,0x59745e60,0xdadfbd2a,0xab98ae2f,0x3d4e60b5,0xddcc9aaf,0xd9d0c0e2,0xddc1e5bf,0xdef3f3f2,
0xeaefdec4,0xc3eefae8,0xe7c6e6c3,0xf4c6c3a2,0x1225eef5,0x12121414,0x25258725,0x95958825,0xc7f7c5a9,0xa7f495a7,0x0b15e7a7,0x180c150a,0x28270204,0x8cf6ffc5,0xebdee52e,0xde501396,
0xf8a8161e,0x17498c94,0x8c482848,0x04162728,0x0c051a04,0xc81f0504,0xe3f380d6,0xe2e3d1d6,0x9e5d9c39,0x0f0f0f1d,0x4182201f,0x40823f3f,0x0e0e070e,0x821f0707,0xf1fefcf1,0x53c0734e,
0xd4d4dada,0xb04f56c9,0xd7ccbdd0,0x9adadd7b,0xd4375f6c,0x2dcc7bb5,0x5c98dfae,0x362f7337,0x683c552f,0x2f596138,0x4f395e3e,0x3160604e,0x35325c5f,0x1b3d2a56,0x2d1b1b18,0x3438331b,
0x332b1a2d,0x38333a60,0x1b36594c,0x1a4c713d,0x1b2b562d,0xed5e1818,0x3a1b1834,0x5bd9df74,0x9c3d2d1b,0x2a2f5b9c,0x2d5d292a,0x2d2b382a,0x603a2d35,0x2d345757,0x5c5b6b5b,0xb0623437,
0x7b986b62,0xd77b5d6a,0xb09cbcdd,0x2f56336b,0x604f7660,0x605a6199,0x2f604f31,0x2e79686f,0x3931664e,0xc0e67e36,0xbf71d42f,0x604e4fd9,0xb2acbcd8,0xc1dededf,0xe6d9e2a1,0xc4e2e1e6,
0xa5ebdede,0xf5f5faf5,0xf7a7c3c3,0xf4c3a7e8,0x1214e7e7,0x12234625,0x23232525,0x12258725,0xf496a8c3,0xa7e7a795,0x0515e7a7,0x050c050a,0x48c51302,0x13132828,0x88302805,0x8b8896a8,
0xeffac51c,0x9266eeef,0x94484852,0x17282428,0x0c151505,0xd11f0a04,0x82f0d6d1,0xecd3d1d3,0xc9aa7576,0x0f0f0740,0x41824120,0x3f3f1e20,0x1d0e030e,0xd3200e0e,0xfcfefbf3,0x9b6666a1,
0xda78acfb,0xcad0b4ec,0xecc9e2e1,0xceecedcc,0xaf79b1cc,0x597168e2,0x71b7bdb3,0x766db74c,0xad7dab4f,0x769b695e,0x769c7e62,0x3964394f,0x7b686e7a,0x357e2956,0x6c29352a,0xae712d35,
0xb756b09c,0xab56e6fc,0xbc742ab0,0xc0d97462,0x353dd0bd,0x7f742aa0,0x2929609c,0x596b6b1b,0x733375ae,0x6b2a3361,0x4cae6a71,0x2f353338,0x565a3a5e,0x2d57b4bd,0x33335756,0x9cbfbc5d,
0xb7aed86b,0xe2cfbdbb,0xb4d898cc,0x7ccf9a3d,0x98a176b4,0x4f73b479,0x39769c4e,0x4eaeb9d8,0xa0609b60,0xa0e17373,0xcf6bb54f,0xb49f73bd,0xe1e1e1e1,0xa0c0d0e2,0xd8d8d7bb,0xdedde0ee,
0xc1a3c1ea,0xfafcfafd,0xee9595c6,0xc3c6e7e8,0x1214a7c3,0x14258725,0x14252523,0x12252523,0xe7a9f687,0xe7a7e7a7,0x0415f4a7,0x0b15150c,0x45131013,0x304a1313,0xe9a3c530,0x84c5dea8,
0xf0f2e3ee,0x6778ecf0,0xfa6adaee,0x13271673,0x0c0b0202,0xd21f0505,0xfadbdbd1,0xe1d682db,0xe1b853c0,0x1f0e1df1,0x8241200f,0x1e1e203f,0x8207071d,0xd3e3d3d3,0x57fafbd3,0x7c396031,
0xcce0b2d4,0xb5ccaee0,0xd8d4afcb,0xe6b2d8b7,0x6d3a61e0,0x2b3258cc,0x5e987a61,0x39697c33,0x685c3331,0x9b4e3468,0x5958b77a,0x6d4f5eb0,0x68b43869,0x2a5b3536,0xb5681818,0x7a3335da,
0x2b182d61,0x61182b35,0x3a2d33cd,0xc076745e,0x3e2dbdea,0x18751b35,0x1b182d2a,0x3e4c3a18,0x9b183333,0x3318296d,0x2b4c2a18,0x33181b38,0x342a2b63,0x1bb7b45f,0x38356d9c,0x2a2a4c5d,
0x335dac5d,0xd0b3ba6d,0x74739ab4,0x98d97e63,0xac645376,0x60314f9e,0x98606071,0x315f7c9a,0x333a622f,0x60d8703a,0xb161af5e,0x5a9f319a,0xcde198ae,0xd9d8abcc,0xeeedcfe5,0xbbd8e1dd,
0xc2a265dd,0xa3e8fae5,0xe895e8eb,0xc3e7e8f5,0x1246f4e8,0x23464614,0x12142323,0x14231412,0xa78dc78f,0xe7c6a7e7,0x0526f7e7,0x02020b05,0x2e510b0b,0x6565be2c,0xf2ecc99d,0xfae3e4db,
0xf0f1d1d1,0x58eef2d6,0xd72abb56,0x29290c5d,0x0215050c,0xd10f0a02,0xf3dbdbdb,0xf0edd3e3,0x2e51d9fa,0x0f41eee6,0x4141200e,0x3f3f3f20,0xd30e0e20,0xdbd1d6f3,0xfbfff1d6,0xbc74ab35,
0xd0e2ddc9,0xab71b5dd,0xdf749aaf,0xd5e6eed9,0xc04e73c9,0x3eabafbc,0x9a9bcc9c,0x4f646f5c,0xb06e3d2d,0x39707b6c,0xadb09c64,0x769f3162,0x575cd9bd,0x3758586c,0xe199572b,0xb46c3dae,
0x3d593335,0x38352a2a,0xd0e23c1b,0x2fc0b72d,0x62366264,0x7dbc7e3a,0x353e3437,0x333eb073,0x33621b1a,0x34352929,0x3d33352d,0x3d2d2d2d,0x60b96b5b,0x7633d574,0xd06063ed,0x9a7ea0cc,
0x9abc5d5d,0xc9b75861,0x7a74d7cc,0xae75bddf,0x4fbf9fb7,0x71706f70,0x7d9e4e5a,0x39689a7c,0x4f647631,0x73a19fb8,0xcf6fc974,0xbf9139bb,0x9eccd8d8,0xcdbadae1,0xd9ddbabb,0xeff3eeed,
0xa3f5a2be,0xdeeefee5,0xf4c6e5ea,0xc6e7e7f4,0x2546c3c3,0x23464625,0x12141414,0x47251212,0xa78da88d,0xc3e7a7a7,0x0447e7e7,0x0c0b0b02,0x18181815,0x4b4b9f2c,0xfae6beb3,0xf0a2d7e1,
0xfaf081d1,0xabeef3f0,0xdd2a5d35,0x181c1a3a,0x04050c0c,0xd21f0a04,0xc8d6d1d1,0xd6dbe3d3,0x3054dedd,0x0fd2a092,0x1f1f0f07,0x41413f1d,0x410e0e41,0xd182e3d3,0xfcfbdbd6,0xad609bb5,
0xaecfddd4,0xb27a61b7,0xb27cb4af,0xcfe1e6ae,0xbd4f76cf,0x389968b5,0x59b7dab0,0x365e5e3e,0x337a1b2b,0xa0b67f71,0x63396460,0x2f9f767f,0x33385832,0x6c7ab7ae,0xab353358,0x6c7dabbc,
0x5f695934,0x33293459,0x7cbd6b9a,0x186da01b,0x7eb73a1a,0xcadf9a74,0x29613e57,0x3362b62b,0x564c3833,0x2a5a2d38,0x1a336b35,0x35345636,0x36713d2d,0x7329385a,0x9ab7b7a0,0x633576cd,
0xe2da9a63,0x6b7578d4,0x6d74bf6d,0x606b63b0,0x539f9f64,0x605a3e60,0x7b79736f,0x6656ae74,0x6066664e,0x649b9f4e,0xd8357d5e,0xa0603574,0xcddddada,0xbcb4abbb,0xcfccbcd0,0xedefe6e2,
0xbec2dcbe,0xc2eefae4,0xf4ee9191,0xa7f7f7c3,0x46259595,0x25874646,0x14142323,0xde901414,0xe7a7a9c6,0xa7c3a7c3,0x0215e7a7,0x0c050c05,0x0c1a2c0c,0x37a1c150,0xfefababa,0xf0e4e4e1,
0xfff28080,0xe1ecedef,0xc00c1b6b,0x1a1518ee,0x15050518,0xd8820a05,0xaccfacaa,0xcfd1d341,0x4e279fb2,0x0d9492a4,0x200f0707,0x41414120,0x410e1f41,0xe382d2db,0xfcf2e0d6,0xda6476fb,
0xccb5afb9,0x6b6c3456,0xb56badab,0xeed4daaf,0xd84fb6ec,0x39c97ebc,0x56abb19a,0x2f4f6039,0x576d1a2f,0xd0b6562a,0x395e7e7f,0x4f4ea066,0x382d1a38,0x7db4596d,0x7d6b1b1b,0x7cb4b56c,
0x74705e6b,0x3d2d707e,0x3ab7986b,0x182d4f18,0x332b3618,0x9cdf9a9a,0x2d386d6d,0x6d6d592b,0x9b62593e,0x4c6b6da0,0x2d3eb760,0x2d635662,0x3d9a3c29,0x736b333c,0x63b198cd,0x625d6471,
0xb5cccb7e,0xae7c3cb2,0xbdd0dfb3,0x9b3a2d5e,0x4e669f9b,0x986d392f,0x4c61395a,0x50637cb3,0x5a664f4e,0xae6c613a,0xe03c9a31,0xa0a03abd,0xe1cfcdd8,0xbbbd98cd,0xd0d0b976,0xece6cdd0,
0xa39ebadc,0xe4eeeee6,0xfae4dcdc,0x95a7f4fc,0x4625468a,0x25874646,0x14142514,0xf4a71412,0xf4c696f4,0x95a2a78d,0x0426e7a7,0x05041804,0x2f0c0c0c,0xb3ebc266,0xebe9cb5d,0xe8f5eeee,
0xfcf3d1d3,0xddc151a8,0x390c2fcc,0x0c0518f2,0x02050c18,0xba820d05,0x8280c9d2,0xd2828282,0x4e3073d2,0x0e495154,0x1f0f0707,0x20411d0e,0x821f2020,0xd6d3d2d6,0xfcfaf2db,0xe1bdccf3,
0xb2acacb5,0xafab687b,0xb59c9c9a,0xe1ccd5cc,0xd45364b5,0x9b7975cc,0x4ccc5cb4,0x664f5b2d,0x6a332b4f,0x4f2f332b,0x59623a2a,0x64663960,0x7e733a3e,0xab6a3d3e,0x6ab5ab9a,0x3c7c6a3c,
0x747f3e3e,0x3d567eb8,0x3a615635,0x18613e18,0x561b342a,0x352d292b,0x2a181818,0x704c563d,0x2d7435a0,0xc0985f2a,0x1b33b0cd,0x2f393533,0xd5d92d29,0x291b69b4,0x71695638,0x605b2b74,
0x7cb4ab71,0xbc7a6070,0x35b9b1ae,0x3a39352a,0x61604e2f,0x316b615c,0x6f614e39,0x509a614c,0x614f9153,0xd86a5661,0xe17b9b66,0x7c762a6b,0xabcbbcd8,0xbc9b76bb,0xb7639e9e,0xf2d79acf,
0x53a19de6,0xe4f5eec2,0xfce6ede4,0xeef7a7f7,0x252325a7,0x25464625,0x12121212,0x91978d25,0x958d4888,0x95a7a795,0x022695a7,0x0c051805,0x4b0c0515,0xa3a5e5de,0xc5139f9e,0x9090e8c5,
0xe9c8c8d1,0xda8c8cf8,0x3016dfd0,0x0c0518e0,0x040c0c1a,0xd2200a02,0x418282d6,0xd3d3d682,0x645378d6,0x1dc59251,0x1f0f0f07,0x1d1d0e0e,0x801d201d,0xd1d1d6c8,0xf2f0e1f2,0xd4b9ccfc,
0xafc9c9ab,0xaf9c9ac9,0x99b1adaf,0xccccd478,0xd49b5999,0x743d3d7f,0x7b9b69cf,0xae6b6d68,0x583c2a31,0x5636331b,0x345f7459,0x36313d6d,0x64292d29,0x6d7c7c9a,0x79d55638,0x6c6a3c6a,
0x745d5b5c,0x3e333370,0x623e5933,0x1833292b,0x2d332b2d,0x2a3d2a18,0x9cd02d33,0x2b336d7e,0x182a3536,0xb762290c,0x39293d9c,0x1b366b38,0x5eedb02a,0x352a3d38,0x615798bd,0x7161343d,
0x33557163,0xb971574c,0x5fced5b4,0x755e7e3a,0x9ab46660,0x4f60395e,0x996f736f,0x60ae715b,0x6ba0534e,0xccab7b6b,0xd8683a39,0xb366399e,0xbbcfbcdd,0xb5caa09b,0xb3bcccb3,0xeee1bcb5,
0x9e9ed8f2,0xf2f2ee9d,0xf7e8c2a2,0xa7c3c3f4,0x251425c3,0x23252546,0x23251212,0x884aeb8f,0xe795974a,0x8ac3a7a7,0x022695a7,0x0c0a0a0c,0xb3160518,0x920b16dd,0xff270be3,0x8da7eee9,
0xded2d2d6,0xd817e9f6,0x0b50d0bd,0x180b2f2e,0x0505051c,0xd2200604,0x80b58080,0xd3d38241,0xaa7881f2,0x20c55153,0x1f0f0e0f,0x0e0e0f0e,0x401f200e,0xd280dbc8,0xf2e6b7f2,0xacb1ccf2,
0xafd8df7a,0xafb07d78,0xab7aadaf,0xdad4c9c9,0xb53a62da,0xb7596f7c,0x6b76cdda,0xae38bc3c,0xb955334e,0x74765b3d,0x587d5f35,0x1c2f389b,0x6318363a,0x5d9cb19a,0x71cd7c3d,0x33685761,
0x383d3d34,0x5663565b,0x3d39b72d,0x1b3a3335,0x1a566e2a,0xb6291818,0x4c5eb9da,0x2a3a5b3d,0x2d365f35,0x623e6b35,0x76383d74,0x359abd7d,0x2b56745e,0x3a593a4f,0x7cb43338,0xb19a7c56,
0x3a2d339c,0xd0b37975,0x5d6b617e,0x6d5e5b5b,0x6d3a4f4f,0x76393a5e,0x5657669a,0x4eb7b4b3,0x4c5d9b60,0xda9a756a,0xbd6c4c64,0x9a663ac0,0xd9e2ccb3,0xd8cfd0b7,0xd9d0bfcf,0xeef2e699,
0x9ddddfe2,0xfcf2e6c2,0xe7c3e8e4,0x8a95c3e7,0x23142395,0x12141425,0x46252314,0xa896e98a,0xf4a7c7eb,0x958a95e7,0x0547e795,0x04020c05,0xc216051b,0xc54527bf,0xefa427cb,0xa9e7fceb,
0xabd1d6d6,0xd827a8de,0x1a5aa1d0,0x1c0b2e05,0x050c020b,0xc8d10d04,0x80d6dbd2,0xd3d38241,0xacecd4f0,0x82deb5c8,0x07070f0e,0x0e0e0707,0x821f1f0f,0xe0d1d3f1,0xf0eccbe1,0xeceee0f0,
0x6ccfead5,0x7d78687b,0xccb45660,0xd4d8bfd4,0xc93568da,0xd976b4ae,0x9a62b0bc,0x6b386a33,0xaf552d60,0x60615c74,0x6c7c9c6c,0x2f395e76,0x6d5e2a56,0x7cb9342d,0x3d5d7c9e,0x6a6c7d6f,
0x6d7e716e,0x75565b56,0x603a5b4c,0x332b293d,0x1a385f2b,0xad3d1b18,0x6d35339c,0x59746160,0x746e9c6d,0x3a2d3662,0x746e9b6d,0x73b15b5a,0x36733e36,0x2d2f5962,0x7a7c7533,0x71b7735e,
0xbb3a387e,0xb7cdcdbd,0x75987e9b,0x736db3b7,0x3a2f539b,0x39624c39,0x5b4c766d,0x4e76bdd9,0x6f3c6076,0xd4af6a71,0xb0794c75,0x706670b3,0xd0e1bdb7,0xe1cdc09c,0xcdd8b3bb,0xd8cfd8bf,
0xe5e6eee2,0xe8e6e8e8,0xe7e7e7e4,0xa7a795e8,0x1412148a,0x12121223,0x46464625,0x8e88ef95,0xa7a7c7eb,0x958a8aa7,0x0526e795,0x02020505,0xcb2e0534,0xdd270b17,0x96934add,0xa7e7eba8,
0xdbd6d6d1,0xf38c96eb,0x161651a1,0x500bc427,0x050c0205,0xe1d30d04,0xd3f0d181,0xd1d3db41,0x9293a0d9,0x82f2f1e6,0x1f1f1f1f,0x0f0e0707,0x200f0f07,0xe0d1dbd3,0xe1d7b5d4,0xe0d5daf2,
0x78cee2b5,0x79786878,0x6a75ae9a,0x7bccbd7c,0xce626c81,0x9e2dcc7c,0x383d7fb2,0x5a356733,0x586a2a2f,0x6269b438,0x5e7e747e,0x6b606639,0x3dbd9b61,0x7f3c1b2a,0x6b6d2b7b,0xceb17961,
0x71617e59,0x6d9b765e,0x3a333a9e,0x3471342b,0x2a1a332d,0x616ebd2b,0x36364c5b,0x2d3a5938,0x563a3d36,0x3a3a333a,0xb65b5b4c,0x6dbd3362,0x2f9c9b3d,0x4c38592d,0x382d566f,0x623d3534,
0x9c714c5c,0x746d5b70,0x5b647aae,0xeabdbdb1,0x74b3d0df,0x60606362,0x9a5b3898,0x73b06e9a,0x5d5d6a6d,0xb5ab6f6a,0x9cac2a38,0x759f73bd,0xb0acaf9e,0xb7a0b2b4,0xd0ddb098,0xd7cccfbb,
0xe6edeade,0xc2eeeee4,0xe8e7e4c2,0xc39587e7,0x12121290,0x23121212,0x46464644,0xc44a4a44,0xa9f9f6f6,0x8ac3a795,0x0526e795,0x0202050b,0xba54054b,0xa19d160b,0xc5a428ec,0xc3c3e8e9,
0xfad6aa67,0xed28a8eb,0x1627a3ed,0x2f2e9f13,0x2e0c0205,0xd4820d04,0x82e08080,0x82418282,0xa49f99c0,0x20f2ef92,0x0f20201f,0x07030307,0xe3202041,0xd2c8ecdb,0xd2e6c9cb,0xeeecedec,
0x5cb2c9e1,0x7979785d,0x685eaf7b,0xabbcd87d,0xe66d617b,0xbc2a9971,0x39395ebb,0x5c393d5d,0x37bc2f4f,0x2f363c2b,0x60593a36,0xcd9b4f4e,0x2bdd686c,0x6c75351b,0x6159359a,0x6b6e6c5d,
0x6e9ab73d,0x619aad5e,0x2a2a3a6d,0x759c7170,0x3d331839,0x1a35ae57,0x383aa07e,0x362a2a3a,0x62355635,0x5b3a3333,0x5e33362d,0x5bbd3656,0x393e6261,0x56563536,0x632d3c68,0x6b383434,
0x5e713d5e,0xbd9c3833,0x3a5d376d,0xb076cfbc,0x747e737e,0x60736d5e,0x6b6b3a63,0x98bdcd72,0x605d7171,0xca9a6b9e,0xcdc93674,0x656676d9,0x9a99d9b3,0xbda19b7e,0xa17675bf,0xd8ae9ab5,
0xbedde5e2,0xa3e1eddc,0xe7e4dec4,0x908aa7e7,0x12121290,0x25231412,0x44464425,0xc5a9de87,0xa7fceeeb,0x95a79595,0x0226a795,0x0202150b,0x6528022e,0x66983027,0xfce548ee,0xe8dce4e4,
0xf2d39d91,0xed288cc4,0xbca1c0fa,0x294f1516,0x2f0c0216,0xc8820202,0xdbd8d182,0xd3d6d382,0xc1eaded6,0x20a4a492,0x0f202020,0x82030307,0xe3f3dbe3,0xd4d1d6e0,0xd4cbd4d2,0xe1e1ecec,
0x9aacaae1,0x7878586f,0xb475617b,0xb299b5ad,0xdd7c71b2,0x994fcbd8,0x1b357ccd,0x3d336133,0x7fcc2a69,0x332a3c32,0x36385e31,0xc0a13a36,0x2b6dbdbc,0xb4cd9c2d,0xaeb37e5c,0x563d3537,
0xb79cb67e,0x2b3d6d3d,0x352a2a33,0x9e745b74,0x35382f64,0x2a1b3335,0x35181b59,0x5e4f5976,0x3a33335e,0x56623e60,0x3a1b2d56,0x38a0603a,0x63645e33,0x32323360,0x3a363833,0x59624c60,
0x38575b37,0x563a5e35,0xcd9c9a2f,0xa06db1e2,0x60393964,0x2f316060,0x9a613a4c,0x6473d9b4,0x7068609a,0xd5b09898,0xc0bd4fa0,0x7264c0d0,0xcdc9ae61,0xd06660ae,0x76759bde,0xbcbc7072,
0xdc65a2b2,0xc2dec2de,0xc3e4e5e4,0x8a8790c3,0x1212128a,0x25231412,0x25462523,0xe98dc7c3,0x97e7f4a8,0xa7a790eb,0x042295a7,0x150c1c0b,0x4b2e0515,0xc09ea330,0xfda849e2,0xc3c6f5c4,
0xf3d6d2bf,0xd22748eb,0x7591a0e6,0x1cde0b15,0x1818020b,0xe0820a04,0xd2ccd182,0x82414140,0xe5e9e9d1,0x1d305152,0x1f202020,0x80070307,0xd1e3f082,0xcb80c9d2,0xd2b2b2d2,0xcbcbe0da,
0xcacccbcc,0x6c99997b,0x9a57687b,0xcb7d6861,0x6138797b,0x6233d4d8,0x3d6c79af,0x322d3568,0x3db02a56,0x5b35352b,0x61563939,0x2f647e6e,0x7462b05e,0x6b703d38,0x987d3432,0x682a3874,
0x6b6b6f5c,0x3c2d3d32,0x723d334c,0x5e355961,0x3c5b7edf,0x0c182d33,0x1b182b56,0x3a5e3e18,0x2d365938,0x5e59635a,0x6239333e,0x353e5b38,0x60602f4c,0x2a34335e,0x352f4f2d,0x3e593a3d,
0x3835384c,0x3a2f364f,0xd4563438,0x5f566aab,0x4f4c5e60,0x2f2f6060,0x9a5a6060,0x733acd9e,0x576a3860,0xbcb47263,0x66a16464,0xbda1a0bd,0xcab5ab9a,0xcda0a1bc,0xd8cd64b7,0x6f999ebb,
0xd79dcccb,0xa2c2bec2,0xa7a7faee,0x46878a90,0x12121295,0x25141212,0x25252523,0xe58dc68a,0x8da7e796,0x95a7a7a9,0x0426a7a7,0x02041615,0x31312705,0xa3a16531,0xfe4917f3,0xc6c7f5e5,
0xe1d1b252,0xf04896fc,0x5d3160bf,0x0ba61615,0x0c0c0502,0xf0d30c05,0xd380d1e3,0x40412041,0xc4efedd1,0x206653d0,0x1f202020,0xd1410e07,0x41d3d682,0xcfc8aad4,0xd4b581aa,0xccc9cbb2,
0xdae2d8e1,0x586755ab,0x68ab7867,0x816a7d5c,0xae5d3d78,0xb5397c75,0x7f6e6caf,0x345c4cc9,0x2bae3758,0x56373338,0x6f552f5e,0x2d2f5e6b,0x746ed06d,0x692d2b4f,0x565d9861,0x6d627438,
0x6c56576f,0x2b34381a,0x389a332a,0x58352d4c,0x5ba05e7a,0x0c3e3356,0x1b332a2a,0x59643a18,0x3a4c3a5b,0x747e704c,0x3e62765f,0x642a3e59,0x3e5a3364,0x333a743e,0x3d2d593a,0x4c5e3a56,
0x5e35353a,0x3e39363a,0x7bb2385a,0x623d6137,0x3a609b70,0x604f6462,0x6b5e3964,0x7036cf61,0x9cd02d61,0xafab9a63,0x9f7e6d5e,0x9a9e7664,0xabafb5c9,0x74b0b776,0xe1cf5a64,0x99beddd9,
0xe4b2bada,0x8fdda2a2,0x95f4f5e8,0x8a908a90,0x1212128a,0x25231212,0x23232525,0xa6a7a746,0xa7e7f4e9,0x95958795,0x0b47a7a7,0x02021505,0x912f3002,0xc493302e,0xfe2816fe,0xa8eeeede,
0xe3d1ba52,0xf052a6fc,0x2f2e5d63,0x48f8161c,0x15050202,0xf2d30a05,0x41d1d6f1,0xac824182,0xa3f2f1d2,0x1d5454bc,0x1f1f1f1f,0xd3f1d10e,0x41d3d1d6,0xd4ece0c8,0xd27877c8,0xcbb2ccc9,
0xd0e2cbd4,0x6c6a81d4,0x586f786a,0x99ac6856,0xb06d6eac,0xd83a7e98,0xaf686bb5,0x55ac566b,0x33cb616f,0x606a6a5c,0x3359364f,0x624f763a,0x2a395655,0xae383336,0x3c376b37,0x38375f29,
0x9a352d56,0x2d35332d,0x59352b35,0x692b4c3d,0x6d7e7e5b,0x1b6d632a,0x2b181818,0x3e362d1b,0x3a7e7438,0x3d355963,0x746d5e59,0x733a3e5e,0x365e3a2f,0x3933645e,0x39336060,0x7373364b,
0x562d3737,0x734f2d33,0x74ae5b98,0x70b45b35,0x3e2f643a,0x604f292a,0x5b6b4f39,0x7a36d09a,0xbd603671,0xba7b9a7c,0x60717a64,0xae399b76,0x9adada7d,0xb7c0a09b,0xbb9fbfa0,0xcfbcd8bc,
0xf2baa2be,0xa3eaa2c2,0x90f4fdfa,0xa79090a7,0x25121490,0x25251425,0x12121214,0xe9e7a944,0x95f4f4f7,0x958aa7a7,0x1c4da7a7,0x0c0a1504,0x50532805,0xa360270b,0xfe542efc,0x96c6eea8,
0xf3f0d776,0xf09393f6,0x2e315763,0x16274817,0x180c050b,0xe382190b,0xd1e3dbdb,0xba8241d1,0xe1a4f3d6,0x079ec0c0,0xd31f1f07,0xd34182d3,0x20dbd3d3,0xdaececd2,0xcbc9aad4,0xd8d8d5b5,
0x74e6e1cf,0xabd9bdc0,0x7c9b7c99,0xe2cc567a,0xa06b99b1,0xe0747fb7,0x6cb2b46b,0xb2b51b62,0x5bd06457,0x6371712b,0x62625e60,0xb96d7074,0x39623d55,0x565aa060,0xae717ebd,0x3d375c56,
0xb65b3238,0x6eb13cad,0x355b2d2d,0x62355698,0x63747e9a,0x33b7621a,0x1b1a1818,0x2b2a2b33,0x5e9b6d4f,0x6233365e,0x987e5a62,0x63652d4f,0x5e3a566d,0xa03e6d59,0x3a2b2d5a,0x3e3d564c,
0x4c4c575c,0x625e5e64,0x989e569a,0x716c3738,0x64706259,0x7364744f,0x74695e76,0xad5fcf9a,0x6338725c,0x9a717e9a,0x75619ab3,0xdfb775a0,0xbddddfdd,0xc0a166c0,0xbdc0dfdf,0xabcbd8cf,
0xede6e6cc,0xebdee8ed,0xa7f7eec7,0x87879595,0xa7a7a78a,0x1246a7a7,0x14121212,0xeb979725,0x46a7e8de,0xa78a9587,0x158aa7e7,0x050c0c0c,0x1ca40b02,0xa39e9d27,0xfd2793ee,0x4893eec5,
0xdaf0d6d1,0xff1752eb,0x172730ef,0x020b2413,0x0c0a0502,0xe3821e15,0xdbd3d3db,0x82828282,0xfba4d6d6,0x03809fa4,0xf1200f07,0xe3d1d1f0,0x80e3db82,0xe1c9d1d2,0xb2787be0,0xd8b2adaf,
0xcfddecd4,0xabd5b873,0x7bae9aab,0xd4795878,0x3e68afaf,0xedbc9a7e,0x6d7f6b7a,0x6c5c5c71,0x5962566c,0x3c4c3d38,0x5e3d3e56,0x6b625962,0x3e566c58,0x2ab0745e,0xbde6e53e,0x7e69596b,
0x37563356,0x385b4c18,0x5e5f383c,0x7c5962a0,0xbb983e62,0x32355938,0x2b18362d,0x35291b2a,0x39595e64,0x365e4f3a,0x606d3e62,0x6d9e983a,0x763a2d9a,0x757e6276,0x57383d33,0x68623d32,
0x3a744f61,0x3438563a,0x56bc6d38,0x5d7d7c35,0x3a593e3d,0x745a596e,0x747e707e,0x6c5bce7e,0x3e996f56,0xae616d68,0x9b7d9abb,0xbfd9bb60,0xababb4bb,0xd8cfc0d0,0xbfcfdfe2,0xbce1e1cf,
0xbeddd8b5,0x93e6e6e4,0xe7f4e4c1,0xa79095f4,0xa7e8e8e7,0x128aa795,0x14141212,0xe98e8925,0xe7c6f4c6,0x95a79595,0x0c4df4a7,0x02020505,0x50545404,0x91161628,0xf8170bf5,0x96c5eb96,
0xe3f08131,0xfd4852fd,0x130b48c5,0x0b1c30d9,0x0c0c0504,0xf082180b,0x82d6d1e3,0x41828282,0xdad9e3d3,0x07789f53,0xfb1f0703,0xd180d1f0,0x80e3e340,0xdac880c8,0xc8b5b2bc,0xb5b2b1ab,
0xe1dff3d4,0xcbca9ba0,0x615e7db5,0x5871ab99,0x5b7acc99,0xda7fcab0,0xb77e7eca,0x5b3d689c,0x9e9e7a68,0x6d743d35,0x62617c62,0x3c3ab074,0x6157335c,0x625e5c6c,0x2a7f6233,0x9c5d5633,
0x2b2b2d7c,0x2b4c3318,0x6d5e3333,0xa0a13836,0xcd6d639b,0x691b29a0,0x292a7c74,0x5636182d,0x3e33335b,0x3e593e3d,0x367e6d38,0x6da0b764,0x3a5e6036,0x5e635a3a,0x4c366460,0x57705d5a,
0x2d3d3533,0x625e6170,0x59689e60,0x5f6d7f63,0x706b593d,0x4f5e6062,0x76a06060,0x9a7ebd74,0xb7d8cc71,0x9a6bab7a,0x709a99bd,0xaee1bb76,0x635d714c,0xd0c09f66,0xb8aeb3de,0xbfcbcbbf,
0xbfccb3b3,0xa1e8dcbe,0xc6edddbb,0xe7c395e8,0xa7c3e7e7,0x46878795,0x12121425,0xeb8c8846,0xc6c6e7c7,0x959595a7,0x0b85e795,0x02020b05,0x30a64804,0xa416050b,0xe94928f6,0x94e9d7de,
0x81f0d82e,0xfa5148eb,0x5248d9c1,0x151c6f31,0x0c050527,0xdb820c05,0xd3e640db,0xde82d3d6,0xb5c0ecd6,0x0e759a9a,0xf20e0307,0xd1d1d1db,0xd1e3e382,0xcb994081,0xc9d2d8d9,0x99b5bcb2,
0xd8eeedb5,0xcd9ebdd0,0x4f9ba0b7,0x68af6c4c,0x5ececf5c,0xcf74bd59,0x7acaceaf,0x4ccc625e,0x6bb7bdab,0x5e3e5b2d,0x5e36615e,0x36396262,0x73765d35,0x3e2a333d,0x182a567a,0xade2e233,
0x38343756,0x1a2b9e6d,0x362d1818,0x3e763335,0x607eae56,0xc0702a7c,0x1b35756d,0x3db6331a,0x593e333e,0x7e60363e,0x627ec0b6,0x3d3a4c5a,0x6439602a,0x5e987664,0x642f2f60,0x71bba060,
0x3a563837,0x5e6d623d,0xb461745e,0x683d3557,0x4f399c5c,0x4e4f6460,0x9e98394f,0xbdd96060,0x76609874,0x769cae66,0x70ae5ea0,0xb5b77064,0x737bb3b2,0xe29f6060,0xbda0cfe6,0xbfae99cd,
0xd8dddcba,0xc2dcdcd7,0xdce6badc,0xe4c395a7,0x95a7a7c3,0xe7a79595,0x121287c3,0xc7c59346,0xc3e4e8c6,0xe7a78de9,0x0226a7c3,0x1c1a150c,0x53fd1602,0xc5a16531,0xf80b49fd,0x45ebfc96,
0xaaf0c02e,0xfc1317f6,0x8c2e9f2f,0x0531b3c1,0x020c0c27,0xe3411902,0xd3db82d6,0x80202082,0xbba1eeda,0x1d4c609b,0xe31f0f1d,0x80d18282,0x80d3f0d1,0xc8ac78b2,0xc881ddb2,0x7bb5c9c9,
0xe2eed57d,0xb7c0d9dd,0xccb89bb3,0x3d619a79,0xafb7ceaf,0xd4d09955,0x6171c97b,0x677c33b2,0x357e3abc,0x4f5b3c3c,0x5b69597e,0x33393a59,0x9c643e2b,0x6e9c615d,0x2976626d,0x359a782a,
0x612b2b33,0x351b716d,0x382a1818,0x356db831,0x33b86d2a,0x9b34334c,0x3335393a,0x624c3e35,0x3e6d6d73,0x6d3e3a36,0x6376606d,0x2d1b2a2d,0x4f5e3a3a,0x709c7e36,0x3d353333,0x4c3a353a,
0x625b5756,0x623a3837,0x9b70603e,0x6156355a,0x2f2f4f68,0x63637e4f,0x62b06074,0xb0d09f98,0x7c2f649e,0x9bbb764e,0x9eae5a7e,0xaeb46375,0xbbb5cfb7,0xdda16399,0xb7a0d8dd,0xb2ccd8dd,
0xbbdee5d8,0xbebec2dd,0xd0eedcc2,0xc3a7908f,0xa7a7a7c3,0xa7a7a7a7,0x141287a7,0xa9c6a944,0x95a7c6a9,0x95958a87,0x0226e7a7,0x151a150c,0x31e92802,0x49241730,0xfd050bfb,0x4aebed8c,
0xc8d1753b,0xfc2728f8,0x172771c4,0x0531e617,0x0b020216,0xd1820c05,0x418282d3,0x1d411f41,0xcdc0ee41,0x1d2d64e0,0xd3201f1f,0x82d38282,0x3fd3d6d1,0x81c8c8ac,0x8178c9aa,0xcaac6a67,
0xd9dfccd4,0xdfdfe1df,0xb2ddd0e2,0x7b7db9ce,0xafaf7b6f,0x9ab76b67,0x3d3dc9b5,0xb9d03d68,0x5c9c2f56,0x5e616a3c,0x383e333a,0x4c2f605b,0x61363e6b,0x9a9a6859,0x3335593d,0x352b182b,
0x987b1b7c,0x2a2a332d,0x6174331b,0x765e7539,0x5e604f6d,0x331a5e3a,0x38326435,0x33356da0,0x59567e98,0x3a603d4f,0x2b366060,0x291a2a2a,0x336d5e60,0x4f3a6239,0x33336d62,0x5b5d2d3d,
0x604c636b,0x649b5e6d,0x2b374c64,0x384c3534,0x312f4f6e,0xa064604f,0xb3a06d74,0x7fe1669b,0x6c3d9bb1,0x98b47375,0xe1b1cddf,0x9ab7d8dd,0xc0dde6ae,0xd9a1b7bb,0x66a1bddf,0xb2bcd8d0,
0xd7d09ed7,0xbed79da2,0xbedce4d7,0x90908a4d,0xe7a7a7a7,0x959595a7,0x14128aa7,0x97a7a223,0xa7a79797,0x958a2587,0x0585e7a7,0x05050505,0xa3923005,0xa44a0b17,0xf61316d8,0x4adebaa6,
0x77d19f4f,0xf13048f6,0x28945abb,0x020ba40b,0x0502050c,0x80820c05,0x418282d1,0x7b4141d2,0xe073ac82,0x1d2e53e0,0xd6201f1f,0x80f0e3d3,0x1dd3dbd1,0x40c880aa,0x8178ba78,0xd4ac9977,
0xd9d9abaa,0x98d8cdea,0xcfdde2e2,0xddcfeced,0x68abacbc,0xb17e2d38,0xad36ddc9,0x35b1796f,0x6c9a4c2d,0x5e7a7d58,0x9c62564f,0x59393a3e,0x3e35565b,0x4c38575e,0x4c3b603d,0xab3e1a2a,
0x696e6f5d,0x1b1b181b,0x2d2b2d1a,0x593e746d,0x64643a62,0x631a1b36,0x333a5d33,0x6360a074,0x593a6dbd,0x3561695e,0x2a363560,0x9b291a1b,0x33336264,0x39393960,0x3e2b3a6d,0x5b383338,
0x746274b4,0x9bb876bd,0x33375760,0x60333333,0x39647e5e,0x6d60645e,0x68769c9c,0x69e19e71,0x6f9adf9a,0x9ab1616a,0xb17ee2dd,0xb3b7cada,0xcfdde1bc,0x9fb89fbd,0xd0c0a09f,0xbab2b2b2,
0x9d9e9dbc,0x9dbea28f,0xbec2e1a2,0x908a8787,0xe7a795a7,0x95a7a7a7,0x251446a7,0x978d8f25,0x95c3a9a9,0x958a95a7,0x0b85e7e7,0x05050404,0xa5300b02,0x9d932888,0xc41354cc,0x8ca5ba9f,
0x77d6a58c,0xfc5427f8,0x248c386f,0x050ba805,0x0c0c0518,0xd1820c04,0xe3d182d1,0xc12041ed,0x7b35aad1,0x1d3176d4,0xe3200e1f,0xd6dbdbf1,0x20e3d3d1,0x81787777,0xc8788177,0xabe0aaaa,
0xb1b0b9b4,0x9bdad0cd,0x62b7e2bb,0xe6e1ecbc,0x58d5e2e1,0x78712b55,0x7a38d978,0x325b74ae,0x3cb5b73b,0x3e5b341b,0x2b5e6d59,0x39643956,0x5e5d616d,0x3d606d4c,0xb77c695b,0xceb0b42a,
0x2d183370,0xa0d95e62,0x2b612b2a,0x365e6233,0x5b603a5e,0x3c382d33,0x3d5e2b1b,0xa0b69c3d,0x3e5e3a75,0x4f595936,0x33352a38,0xa05a1a1a,0x5e333360,0x4c393833,0x352a2b2b,0xb3603836,
0xb87e767f,0x4c603ea0,0x3d34344c,0x3d3a2a2d,0x734f4f3d,0x9c625a64,0x687e7eb0,0x35cd7f58,0xb4b7ef9c,0x6e6c607c,0x6f3dbdb2,0xd8e59e9a,0xbbd8dab7,0xa3bb9ba0,0xa1a1bf66,0xbab2b3ba,
0xbea29dbb,0xbea2dcc2,0xe1dcbabe,0x8a8787c3,0xa795878a,0x95a795a7,0x25238795,0x8e8d8d44,0x44a7a797,0x95a78725,0x0443f4a7,0x0c050515,0xa549050b,0x5d542852,0xf60530e1,0x8ca8ee91,
0x80e0ce92,0xfb5127f6,0x45515bd8,0x15174805,0x05050c15,0xd1d30c04,0xe1d4d1d3,0xab2041d4,0x9864b4d2,0x0e296031,0xf1821f1f,0xdb80d3d3,0x40e3d6d1,0xd2aa4077,0x78814077,0x7de1b267,
0x797b99b2,0xd9e2d9bd,0x3de2e2d9,0xe1edac5c,0x5cdad5ec,0x6ac95c5d,0x6e5b6055,0x792b3c79,0x7bb96d6a,0x59595556,0x6868566c,0x3a2f2f3a,0x605c386e,0x3d3d563a,0x5f5e6b59,0x389c7c36,
0x2d1a1b56,0x7ead2d3a,0x2b57681b,0x33365638,0x64363c3d,0x1857342d,0x629e5e3c,0x62355b5b,0x355e699c,0x3a335938,0x1a332935,0x64b7741a,0x645b334f,0x352a3e4c,0x3a392d33,0x9c9e603a,
0x6d4f385f,0x593a3d74,0x2b565a62,0x35384c3c,0x71604f3e,0x6d7f7c73,0x3735604f,0x71ae9a68,0xab5d73bd,0x7b63ae9c,0x9a9bda9a,0xcfb575b3,0xb3d8bcd5,0xd0c0bd9e,0xc073bfb7,0xbfbcb29a,
0xd8be9dcc,0xa28fc29d,0xdca2baa2,0x468787a7,0x95958787,0xa7a795a7,0x232587a7,0x8d474425,0x95c385a7,0x95de9587,0x0426e7a7,0x0c0c0b0b,0x8c48050c,0x65914849,0xf60b30ee,0x94a8f59f,
0x40e3cae5,0xf39348ea,0x4853375d,0x1813170b,0x0c0c050c,0xd6e31805,0xe0dad6d3,0x201f1f41,0xd66676b2,0x0e1c394f,0xe3820f0f,0xd3d3e382,0x40d3d3d1,0xd2c97740,0x78407780,0x7bb2da67,
0xb5e1cbab,0x5e62b076,0x60bc7e64,0xb5e1cf6e,0x3c78d4cc,0x58b5b17b,0xaf5c3368,0xbd387baf,0x345c5f3d,0x60647d3d,0x35619c7e,0x59292d33,0x383a3d60,0x5b333e59,0x6dae5e3a,0x1a291833,
0x7e2a2d1b,0x1b2d2ddf,0x332d352a,0x2d3c7356,0x7ea05e62,0x37981b35,0x757e9c4c,0x3a36627e,0x5e74767e,0x2d639c9c,0x292f1b1b,0x2fbdcd2a,0x59607376,0x361a2a59,0x595e3333,0x3e9c614c,
0xa0563833,0x593a6d5d,0x2b33383e,0x4c356260,0x9a603e5a,0x60b36d64,0x6f3d614f,0x71b4d0ca,0x7c9a5abd,0x9a597161,0x98b7cf72,0xbd999a9a,0xbfcbd8cc,0xc09fb8bf,0xbd9e9e9f,0xd9bfbf73,
0xbebebedd,0xa2a28f9d,0xc3bebebe,0x4646468a,0x95958787,0xc3c3a7a7,0x23144695,0x89474423,0x89a28da7,0x95958aa7,0x0547e795,0x0c0c0505,0x52130215,0x5a294994,0xde1392ee,0xa8c6e88b,
0x80f0e5eb,0xfb5427f2,0x48bf1b34,0x1a13130b,0x0c0c0c15,0xd6d30c05,0xdbe0d1d3,0x20828241,0x55353840,0x0e2d5557,0xe3200707,0xdbe3e3d3,0x4182e3d3,0xd2d24077,0x77777881,0xac81da78,
0x7cacb299,0xbccdb5ab,0xc0e1e0cc,0x6b617fbd,0xb9e2d457,0x79d4d46c,0xced57cda,0x69b079e0,0x5c7c7f79,0x60647b58,0x2a2d3333,0x4f36565c,0x55383660,0x635a5936,0x33b17474,0x33383e7c,
0x372a2b61,0x1a1b2db7,0x3c2d6133,0x62626938,0x18363a59,0x6b9e1b4c,0x3838a07e,0x602d60b7,0x9c6d6db6,0x7e59bdb7,0x3a3a2b2d,0x763ebf76,0x7a3935a0,0x749e3139,0x363a1b36,0x7e7e7138,
0xbdb86064,0x73643633,0x353e3a4c,0x382b5b33,0x4f4f7c57,0x60642f60,0xaf5b4c3a,0x6a55afcc,0xbbbc6ddf,0xbd6bcf9a,0x9973ae72,0xb5b79a99,0xd8e1e6b9,0x9ba1c0c0,0xbdd8b79f,0xdebcbb9b,
0xbfa2d7ba,0xc2bea2dc,0xe4c2e4dc,0x4646444d,0xc3958a87,0x9595a7c3,0x251444a7,0x8e858725,0x848e8e97,0xa7462585,0x0b85a7a7,0x0c0c0c15,0x88130218,0xbe2f9388,0xc20ba5f5,0xa8e7ba4b,
0xd1f2effa,0xfba417e8,0x17bb355d,0x1a0b1348,0x0518150c,0x82411d15,0xe3e68082,0x3f82d3d3,0x773b6782,0x0e29d378,0xf1410f1f,0xe3d3d3e3,0x82d3dbd3,0x81c94077,0xaa773c78,0x78acd478,
0x6ac9676a,0xb9ccdd61,0xb7cdcdbd,0xe2ccd5d0,0xcab56acf,0x79ce6e6b,0xd5bcb9ce,0x69337aca,0x7a6d36bd,0x356db5af,0x612d352d,0x3a5e5968,0x2d3d5e62,0x76646161,0x9cb97e7e,0x6d2dd9cd,
0x1b186d9e,0x3e351b2d,0x3e382a2b,0x62733856,0x18181b56,0x64382d2a,0x3859a09c,0x9b5a5a75,0x5e986eb8,0x643a3a62,0x3a2d2d18,0x382abdbd,0x6c2b335f,0x383e2f2f,0x5e3a1a33,0x64bdeab0,
0x763e6060,0x3a9c604c,0x3338352d,0x562d5635,0x4f394f61,0x646d3e4f,0x9ab3393e,0x5d74bd98,0xd0ccbccd,0xcd7fccbd,0x71b7b46f,0xccb37b7d,0x9eeeccb9,0xbb76d8bd,0x73d0c0cd,0xb3b2b298,
0xbebed79d,0xa2a2bebe,0xddd7dca3,0x4d8746be,0x95a78a87,0xa79595a7,0x252387a7,0xa9854425,0x8ac69697,0xa78795a7,0x15958aa7,0x050c1509,0x8c0b052c,0xc1295345,0xa80bdefa,0xfac3e491,
0xd2fafafc,0xf0eb5180,0x8c644c61,0x1b020427,0x0c150c15,0x8220411a,0xd2e1d182,0x821f82db,0x8081c9d6,0x1d328067,0xf1d34141,0xd3d3d3f1,0xf1d3d6d3,0xd2c840aa,0x5577567d,0x3b557867,
0x6c78673b,0x697db93e,0x746eb676,0xceb5d4b7,0xcc997de1,0x55ab6a6b,0xafbdad3a,0x6955abb5,0x3c6137d5,0x5dae7b37,0x38695e35,0x335e6e3a,0x2d5ea074,0x3e3a5b68,0x9b9a593e,0x351a7c9c,
0x703d4c57,0x2f646d60,0x5e9c613d,0x36333a6d,0x3e626161,0x3a3a9834,0x7cb09e74,0x5db7a071,0x29603a5a,0x2d5e625e,0x2bbd2d0c,0x1b182a3a,0x5e2b2d3e,0x2b2a2b6d,0xf356292a,0x355eb76d,
0x593e5e33,0x2d332d5a,0x2a35371a,0x622d2b2b,0x59745e5e,0x64646d70,0x7c7e9b9c,0x995bae98,0xafda9a7e,0xa09cabb0,0x75cfb557,0xae7cb4d5,0xc0cf99ab,0x6064bda0,0x63757573,0x729db260,
0xbe9dbaba,0xc1a29d9e,0xe5dcc291,0x874646a3,0x87878a46,0x95958787,0x46468a95,0xe7852625,0x44468e8e,0xa9a7958a,0x26958aa7,0x050c1505,0x4a04024b,0xc01a2f96,0xe924efec,0xf5c3faa1,
0x81fbfcfb,0xf0c5183f,0xa8359bb4,0x1802288c,0x050c0c0c,0xd182410c,0xccccc8d3,0xd14182ee,0x2d1e3fd3,0x20192b31,0xf3d34141,0x82d3d3e3,0xe3d3d382,0xf0b35df2,0x67c875c9,0x7767ac81,
0x67678177,0x69553b58,0x71b77a7f,0xccccb57d,0xece1ccc9,0x6ee6caae,0xb4b1da76,0x7adab27b,0x5a595f7e,0x6b634c37,0x373d5b2d,0x6238682b,0x353e5962,0x5e38386c,0x9c9c7473,0xb033625e,
0x5e59389a,0x5e35636d,0x6bbdbdb6,0x9e60626e,0x392a5738,0x6b323d33,0x7ab07e9c,0x5b3862bd,0x627e6275,0x60767ea0,0x3ab07329,0x3d1a2936,0x1a1a1b62,0x74763e2a,0x7e333d33,0x5e3633d0,
0x732d2a3a,0x2d342a4f,0x333c352a,0x353d3436,0x63706d3a,0x7339b77e,0x5738609c,0xb038616f,0x7bbcb460,0x9bccbcb4,0x7cc0b773,0x6f6a6f7b,0xbbba6f99,0xd07eccb0,0xb4b49ea0,0x98babab3,
0x9d9d9db3,0xbf9d9dba,0xe5bec2a4,0x464644a2,0x46878746,0x95908746,0x46258aa7,0x8d472644,0xa7254489,0xa98aa746,0x90a7a7e7,0x0505090a,0xc5240218,0xde501a91,0xa813deee,0xe8e8f5a8,
0xb8f3fefb,0xfe942ec4,0xa86fbbcc,0x0c02948c,0x050c050c,0xd382410c,0xe3da80d3,0x201f1fd3,0x3b1e3f82,0x201b342e,0xe3d34120,0xd3d3e3d6,0xf1828282,0xe19fa0f3,0x7878b266,0x67aad2b2,
0xc9c93b77,0xb9586855,0xb5bc3e69,0xb578b47b,0xceb57c99,0xb999ade6,0xcadfce62,0x5fd5795c,0xd03a5636,0x5971616b,0x3a3c5d59,0x2a4e593e,0x35353d62,0x5e385938,0xb0b0a059,0x9a3d9c7f,
0x5b3960b7,0x2a354c3d,0xbc9a5933,0x3a18387e,0x3a183a98,0x73366d5e,0x6eb0d0b8,0x7eb7b05b,0x746eb07a,0xb86d7ea0,0x1864b739,0x741a1b1b,0x1a1b2b9c,0x35362d1b,0x335b3d1b,0x9b4ca0e2,
0x332a2d6d,0x1b1b2d2d,0x333e5e2a,0x739ce1a0,0x3a4f6476,0x9b645e5e,0x6f4c3a5e,0xb7716971,0x70b4b563,0x5eaf984f,0x997e7f60,0xcc7c7b9a,0xbdfaabdd,0xc1b8f2ed,0xc0dea09e,0x9eab9ea3,
0x9d9d9d9d,0xa39e9dbe,0xe5dcc2a3,0x8790878d,0x464d8725,0xa7908746,0x25238a95,0x85472644,0xa7a78585,0xc6c3e78a,0x2695f4c6,0x0504050c,0xa84a020c,0x76504c8f,0xc5488cfb,0xf5e8eef8,
0xdefafcf2,0x9417a3a0,0x766addf3,0x0504a848,0x0c2e0c18,0x82411d15,0xd3d48282,0x1f1f1f41,0x80556020,0x201b3234,0xd3822020,0xd38082d3,0xdb82d6d3,0xd99f9bfa,0x5867aad0,0x6740c878,
0x7b78aac9,0xc9785779,0xb9daae59,0xb5dae1e1,0x79553c7b,0x38ac5fb5,0x7168786b,0x3d68553b,0x7c6db05e,0x38333e68,0x5e63593a,0x39393139,0x5e3e3a33,0x6d6e6e59,0x6da06436,0x7e5ec0ca,
0x333a62c0,0xe24c5738,0x69df2d33,0x9c2d1b18,0x7e1abdcd,0x7e66b6a0,0x36b0ce7e,0x6eda6e1a,0x6969b1ad,0xb8d96e59,0x1a2b604f,0x3d1b1a2a,0x1b1b2a61,0x2b1b2b2a,0x7e7e3a29,0xb738cded,
0x593a6da0,0x1b332d2d,0x2a1b5933,0x59563caf,0x367e3939,0x5b362f6d,0x617b7073,0x627c5e9c,0x987c7d6a,0x987b7066,0x637e6b60,0xcf75987a,0xd5d8d8ee,0xb8edf2e6,0xa0dda166,0x9db2ab76,
0xbe9e5a72,0xc2a391be,0xc6e5c1c1,0xe8fef78d,0x46874487,0x90874646,0x46468a90,0x85432644,0x4423898d,0xa7c39525,0x254da78d,0x0c0a151a,0x96c50405,0xf5c2658f,0x52a80ba5,0xe4e4fbc5,
0xa4fafff3,0x16c43b9e,0x63ac6652,0x0b964a94,0x0c1a1815,0x201f1e15,0x82b23f41,0x821f4182,0x3f1e3f3f,0x1d194040,0xdb412020,0x80803fd3,0xd3e3d382,0x4f3870f1,0x58abf0e0,0x67327855,
0x786778d4,0x68787899,0xdad4e276,0x5c7bdacb,0x4c78d47b,0x33ab635b,0x563767b2,0x619a5c37,0x4f5e7e2f,0x3661b0cc,0x36593959,0x31312f29,0x5e765e3a,0x62766159,0xb074bd64,0x5e64cd3d,
0x762a36b7,0xd0b26cbd,0x2aea5e34,0x2a182918,0x2b187ea0,0x7fbd9e70,0x2d74cdb7,0xbcdf9e34,0x5e5fcad9,0x9ba04c3a,0x2b73592d,0x562d3e33,0x1b182b35,0x5e3d3333,0x9cd03a1a,0x602b7dca,
0x64a05664,0x3ab7383d,0x751a1b18,0x35346f9a,0x3a6b2f4f,0x7c3a2f4f,0x626a7eb0,0x5e4f4f2f,0x63577b7d,0xb06f6399,0xc0dd7e66,0xbbd9f3cd,0xbc999ce1,0x75d8ddd8,0xc2d7764f,0xbcd79d70,
0x9d915065,0xe4c2c2a2,0xf2dca3e4,0xc3fef7a2,0x25252587,0x8a874646,0x46468a8a,0x90472644,0x87254785,0x85879523,0x14879585,0x2c0c158f,0xa8c52404,0x16de9d91,0x8c884a17,0xe4f5f78c,
0xebc5fbfa,0x66de60f8,0xdb4e0b27,0x152f0cf6,0x0c150a02,0x41201d0c,0xd6c84082,0x4182d241,0x703f1e40,0x1d1e403b,0xe3821f41,0x3f3f4182,0xf0fbfb82,0xd873e1f1,0xc9ccdbe0,0xc97781db,
0xeeecc9ec,0xb9ededaf,0xe0f2fad0,0xec6acbcc,0xe6f2f2f2,0x64a14f7c,0x797cd5da,0x625f69b0,0xd0ef763a,0xcadfd9d9,0xcddfd57f,0xd9765e7e,0xe2d9d0e6,0xb6b6627e,0xbdcefaef,0xedf3dfb9,
0xeab8d0cd,0x3d74e5ef,0x6bd03e3a,0x332a2a5e,0x769cbd74,0x7ee2e25e,0x3e7ed9ea,0xe25b6d36,0x62333ded,0xcdb86d59,0x3adf7fa0,0x6d33b83a,0x331a3676,0xa0ca2d62,0x35dfef74,0xa1d57c2a,
0x2d741b2a,0x2a5b5e2a,0xeaae5533,0xd0ede6b4,0xddb864a0,0xdfb8edf2,0x9fa0bde2,0x9f9fd953,0xd0b3bdd8,0x9bd9dded,0x9fd0bd9e,0xededfadf,0xedbfd8fa,0xd8edf2e2,0xeee6e1a1,0xfae1e1de,
0xe4e1bebe,0xeee8dcdc,0xfcf7c6e4,0xf4f7f7c3,0x252387a7,0x958a2525,0x4646878a,0xa74d2644,0x8d8d8585,0x8595a78a,0x0c90a785,0x0205152c,0xa80b270b,0x4805a3c2,0xeb4ac513,0xf4e8c5a8,
0xc5e9dae3,0x521c4fa6,0x130b0b17,0x15535152,0x0a050205,0x82820d0c,0x82d18082,0x1f1d4182,0xd21e1d41,0x201d4081,0xdb821f20,0xd3418282,0xf0e3d1db,0xa1dec1d6,0x9fccd1d2,0xb1797bc9,
0x79c9e0e0,0x9accd07f,0x716a5599,0xee787bcf,0xb5cccc99,0xbd687fcf,0x33cbb56c,0x2a1a5759,0x2a1b181b,0x2a2d352b,0x9b9b2d3a,0x7c3a3336,0xda9c4f7e,0x0c183a70,0x3929361b,0x7476596d,
0xbd595a35,0x2d3a292d,0x3d593636,0x736d3e9b,0x18bd1b2d,0x181b1b0c,0x1a38562a,0x63603a1a,0x1b1b1b2a,0x6e5b331b,0x3e623538,0x5933396d,0xbd29615e,0x1b624cb7,0x6162763a,0x62cea035,
0x34331b33,0x2d2d645e,0x6261182d,0x2f4f2a35,0x3a396664,0x70359b71,0x4f31294f,0x362f3a2f,0x752d4c9e,0x2fd9fdbd,0x6375bfd0,0x9ebfcb7b,0xb4eddd60,0xcfb49d63,0xdcd77298,0xdddad79d,
0xbebee1d7,0xdcdc8fc3,0xfae7c3a3,0xf48d448d,0xf4e7f7f4,0x958a2546,0x4646878a,0x43854344,0x23448443,0x8a959523,0x148a9587,0x05020c90,0x170b0b0b,0x13100505,0xa8454524,0x8da7f6eb,
0xf8fffee3,0x4852c4a8,0x17174828,0x05172427,0x18050202,0xd3410e18,0x4182d6d3,0x070f0f20,0x411d0e1f,0x1d19323b,0xd3824120,0xf1418282,0xe0e0e1ec,0xc1c1a1ec,0xc1c09ec0,0x7ebdcdd9,
0xdde2da71,0x7bcfe2c0,0xd86f332d,0xd4ecb2e0,0x35aeb436,0xb0abee5f,0x7fe1ab6e,0x583cab5a,0x334c7179,0x629ba03e,0x5e7e62bb,0xb9bdb79c,0x2d386db1,0x3ebd7f6b,0x36363629,0xb69c363e,
0xcdd0b06d,0x73b060a0,0x9c7e6059,0xded0b69b,0x2ab09e64,0x180c2a2a,0x38341a1a,0x1b3d624c,0x1838611b,0x1a2b712d,0x7133352b,0x625736b7,0xa05e5661,0x3ab6d99e,0x769cbd74,0xb07f7abd,
0x7e9c9c7e,0x4f603d62,0xdfc0362a,0x6d362d3d,0x386bcdb0,0xa09bbf6d,0x5a603536,0x4c392f35,0x635a342d,0x6276b437,0xd7dadacf,0xdd75c09e,0xbcd8bda0,0xb35a73c1,0xe1986363,0xbceeeebb,
0xdcdcedbf,0xc2e4e8c3,0xc7e8dea5,0xa7918ea3,0xf7fcfae7,0x87874687,0x46468787,0x4d472625,0x25122247,0x95954612,0x148ae795,0x0202048d,0x4a0b1304,0x244a1313,0xeb888c88,0x97f4ffff,
0xc5efd280,0x272e3996,0x0b162405,0x0205130b,0x0b020002,0x82411f0c,0x2041d182,0x07201f41,0x200d0e1f,0x1d192932,0xd382411f,0xfb824182,0xe1dac9e0,0xeadea1e0,0xc1a4c1de,0x6eadd4df,
0xb5ecce5e,0x5e999b6d,0xe2ddb560,0x7beedadd,0x7fb7b73a,0x62b4b474,0xe0daab5c,0x785daf59,0x38613837,0xddca6259,0x9c5f3e3d,0xb9d9cdcd,0x35355cca,0xb76a3b7a,0xdfbd5936,0xb8b03838,
0x625a2d73,0xbd7e9b36,0xbdb06d59,0x7e9c7e7e,0x36595a9b,0x18182a4f,0x573d1b1b,0x1b33383c,0x181a1818,0x1b2a2a61,0x612a1b1b,0x9cd0383d,0x62355961,0x6474bdb0,0xcd746d5e,0x76b05bb7,
0x615b5e36,0x3e623d61,0x62bd603a,0x9c622f2a,0xb7b97c6d,0xdfd0d0d9,0x5a633973,0x4c4c6075,0x6cb05635,0x7662cc4c,0xb4a0cf63,0xd03966b8,0xdabfc0e2,0x9e6075e6,0xb39e9db3,0xdfeef2b3,
0xe4eddc72,0xc2e4dedc,0xc6c1a4c4,0xa7c68c91,0xc3f4eee7,0x46464687,0x25254687,0x26262225,0x23252247,0x95444612,0x2295e795,0x02000204,0x17161509,0x24240b13,0x47478824,0x8597c5c7,
0xfdfbf0f1,0xe6dad2f2,0x2ea1c1b5,0x02054830,0x45020002,0x41410705,0x41208041,0x1d4141d1,0x201d1d20,0x0e1e1e19,0xd3821f0f,0xdb202041,0xe1d4ecec,0xf2f3b1e0,0xc192a4de,0xd0b1c9d0,
0xb2dad5ce,0xd099749a,0xd9e0ecd0,0xace0dad8,0xcaad762b,0x359ab47e,0xccb5ae5b,0xc97b374c,0x2b6e716c,0x61e6d038,0x332bc93c,0xccafb1b6,0xb9b96c7c,0x5633586c,0xd9626d7e,0x7fdf3676,
0x3e2a3573,0x9b5e5e69,0xcabdbda0,0xa076767e,0x2a2b366d,0x18363329,0x696e2a1a,0x3e5b7179,0x3435333a,0x35342a1b,0x7a2a1829,0x7e9a6a6c,0x9c9e6274,0x9c7e6d61,0xd0d0bd6d,0x6dcab6b0,
0xb46d3a35,0x2a2b387e,0x35afb238,0x6a695b18,0xd8cc607e,0xddcd5e9a,0x65655a98,0x5a56334f,0x9e704c4c,0x63b0d99c,0xd0609c71,0xd9b46064,0xcfbfbbbb,0xbdccd8cc,0x6066b3ba,0xdfedee63,
0xe6e6d7be,0x91c3e4e5,0xf7e8c2a4,0xe7e79697,0xe7f4e5c6,0x46462587,0x25252587,0x47262225,0x44874747,0x8a449523,0x0a44a746,0x0200020b,0x24162204,0x918b4945,0xe8e8f9de,0xe7f4f7fa,
0xfef1dbdb,0x9878aafd,0x67786fba,0x2b331a1b,0x1305181a,0x41410301,0xd3803f41,0x1f0f0f82,0x1f1d1d1f,0x1d1d1d1d,0x82410f1f,0xc8204141,0xdbcbeee1,0xfbeaa1d6,0xd9a5c1f3,0xccdad4e2,
0x7bdfd0d0,0xb9ae7674,0xced4eeed,0x6fe1ece6,0xb738b05b,0xb7b47db0,0x68586a5e,0xab6f3381,0x2a3e33c9,0x297ed96d,0xbdafe233,0xcd747fb0,0x68785969,0x5c335c69,0x6d1856e6,0x5f6e3e3a,
0x7f6274c0,0x9c565973,0x769b7eb7,0x5e6d769b,0x1a2a6d35,0x2a291b18,0x33322b2d,0x3332793c,0x334c575e,0x335f5d2a,0x1b562a18,0x62b3631b,0x3371593d,0x3362b05d,0x9a7eb076,0x9c75b79c,
0x74b39bb8,0x3d346261,0x2db47bcc,0xb361611b,0xca9c6d7e,0xd9c07376,0x2d564c72,0x64604c38,0x9c9c6370,0xbdbd9c75,0xce5a5ecc,0xe2bbdfc0,0xb5769ebb,0xdfd8d8d8,0xc09e989e,0xefe6e2bb,
0xedd7bedd,0x9fc3c2e5,0xf7f4c6c1,0xc3a391e7,0xf7fce7c6,0x46252546,0x23234687,0x44262523,0x23442626,0x8746a723,0x04149544,0x1c0b0504,0xa24d2626,0xe8a25050,0xe8f5eedc,0xf4f7fefc,
0xfff0dbd1,0x6fdbd6ff,0x2963b255,0x0c150c1a,0x665a0c02,0x41820306,0x41804041,0x070f2082,0x0e07070f,0x1d1d1f0e,0x41411f20,0xe0412020,0xd4cbdac9,0xdfdedee3,0xd9c1d0e2,0xafdae1df,
0xabb5b4b4,0xae79a07a,0xd5cfecec,0xacab79d0,0xedb7d99a,0x9c595bae,0x5c2b376b,0x353c58cc,0x7c6e3d3c,0x2b5bb37d,0xb4ced974,0x9a6d7e6b,0x685c383d,0x71613858,0x7e2a7edf,0x5bb7b87e,
0x6da0cd56,0x385e6159,0x6d696d74,0x183a6e59,0x183e7118,0x1b1a1b1a,0x3556565d,0x2d681b1b,0x4c333534,0x4c5d3d68,0x2b2d3c2a,0x29627438,0x71563529,0x5962759e,0x73763e61,0x9b627eb7,
0x6b99b07f,0xb099567a,0x5a5b5b9c,0xbd9c7e63,0x9a6163b6,0xa0769cae,0x37334c9b,0x4e4f6f37,0x6a9aae64,0x7eb8ae71,0x9c6464b4,0xe1cf9ebd,0xe19ea0bf,0x9eb57ce0,0xd9b39a64,0xeddddfbb,
0xa2bebad7,0xc2e4c2dd,0xf4f7c2a3,0xa7c3c6e7,0xf7f4c6e7,0x25252546,0x14142546,0x87262512,0x12121226,0x46872512,0x0914a787,0x0a0c8f51,0x4b2c4414,0xc3a28f4b,0xfefbf5c2,0xf7fafcfc,
0xefd2d6e3,0x9fc4eaf6,0x1a576f58,0x3a2e2a2d,0x05050a0c,0x82821f0d,0x20208082,0x031f2041,0x0e070307,0x070e0f0e,0x2020201f,0xf2412020,0xecd4c8cb,0xbbfaecf0,0xc1c4d7f0,0xc9dad9d9,
0x557bbdda,0xb4b0af7a,0xf2afacd8,0x5a6b687e,0x58ac9870,0x4c3d1b35,0x382a6b4c,0x5b7bd87f,0x74bdd074,0x566b9c70,0x687cbd9c,0x5e747e6a,0x2b326b6b,0x335b7c33,0x9c6db8ae,0x9cdf767e,
0x2bb76261,0x356ba060,0x6374635e,0x1a366435,0x332b5f33,0x2a332a7e,0x35cdb334,0x6f563c2b,0x5b291b2b,0x3c345b56,0x9c626b38,0x1b2b617e,0xb07e3e7c,0x6d7e9b63,0x7e9c759a,0x9c7e7c7a,
0x6c71706b,0x6c356d5d,0x6d6b3e71,0xb07e9c6b,0xb1709bcd,0x5b557b98,0x756b5b7c,0x664f6460,0x6ab4d4b4,0x4fb7bcab,0xcdbd9b73,0xb4e176d8,0xb2b49b76,0xbfae716c,0xbbb7c1be,0xbae1cf9f,
0xa2bebe9d,0xe6dcc2a2,0xc7e8a5de,0xe7f48df4,0xe7a7e7e7,0x23142346,0x12122546,0x87442512,0x12234444,0x23442312,0x4487958a,0x0c0a0a0a,0x2c1c4744,0x8fa28f65,0xeba8c4e4,0xf5faf7eb,
0xfcda40d1,0x28a8fafe,0x5d1c0bda,0x0b161753,0x0a0c0c0c,0xd3410f06,0x204180d3,0x030f1f1f,0x1f070303,0x07070e1f,0x200f0f0f,0xd3412020,0xecd2dbd4,0xf3f6eefa,0xc1deddee,0xe1dfe2d9,
0x6f9adaed,0xadbb6a6c,0xadd974ae,0x386cc957,0x7b79ae74,0x383c7956,0xca756c33,0x9cd8d57f,0x366d9cca,0xb06b7e62,0x6162a0d0,0x6e6d635d,0x3d3d383d,0x55616160,0x3838749a,0xc0cdb85e,
0x6db0bda0,0x605ed076,0x5933366d,0x1b5e7362,0x2b2b2a2a,0x2a2b2b35,0xcc6c7f63,0xcccc4c5b,0x2a2d7b6c,0x564c5b3d,0x38566b3d,0x3634373c,0x9cd07e7a,0x5a3a7eb8,0xb79cb0a0,0x5b7eccbd,
0x569aa07e,0x74333d4c,0x61565cb4,0x73bdae6c,0xb375737e,0x5b586fbb,0x64636f57,0x4c3a6360,0xe2b4bc9a,0x73707ee2,0xc076b79b,0xb7bdb8d9,0xd8aebbdf,0xd0b0bcca,0xd89fa4dd,0xe4f2cf91,
0x9dbae6bf,0xeedca2c2,0xc3c6c3c6,0xf7a9a9e7,0xe795a7e8,0x14121446,0x12122346,0x44442512,0x12444744,0x23231212,0x44874687,0x0a0c0a12,0x15152202,0xc34b658b,0xf9eb4a30,0xc6a9e8fa,
0xfbf5e3d1,0x66f3f3f6,0x361c8c73,0x152b2c31,0x0c0c0c02,0x41200706,0x1f418220,0x071f2041,0x1f0f0f03,0x070e0e1d,0x1f1f0f07,0xd3201f0f,0xece3fbe3,0xe9d9f0f0,0xedece2ea,0xcecacfdf,
0x576ccada,0x99ab6899,0x6aabd5d4,0xecdaafaf,0xddb1b9d5,0x5caebcd8,0x7d6b6262,0xbc7d7dd8,0x60559ac9,0xbd9a7a64,0x563eaebd,0x7e335bb7,0xb95b3c71,0x715b5c61,0x5938d9cd,0xbdd59cb0,
0x595eb6b8,0x6d35331b,0x3a3a3e2d,0x1b7e696d,0x2a4c562b,0x3d2d1a1a,0x6f381b1a,0x5be13d34,0x38386f57,0x57371a2b,0x38345b37,0xb07e384c,0xb1d0bd9a,0x7469b09c,0xb6d9b06d,0x696cb7bd,
0xb771b0b0,0x6168ce7e,0x5d5b569a,0x76709a61,0x9b7076b7,0x7c75b3a0,0x73737570,0x724c3564,0xbc5d5a72,0xb5ccaee2,0xbb98735d,0x747ebccf,0xdd9eb370,0xccdfeced,0xbbbcb7c0,0xe1edcca1,
0x9dbeddba,0xa2e4beba,0xf7f4e8c3,0xf7a9dee8,0xa7e7f7fa,0x12142323,0x12121425,0x44444612,0x12252223,0x25461212,0x23468a87,0x02261512,0x8ba21511,0x89a28515,0x88eef585,0x97faf5eb,
0xf2fbf0e1,0xe0fbeba8,0x672e16fb,0x1a1c1a2e,0x180b0b0c,0x1f20070d,0x1f41410f,0x030f201f,0x0e1d2007,0x070e1f1d,0x1f410f07,0xd31f1f0e,0xe0eff1f1,0xeae6f2ec,0xcfe6e6e2,0xc0c0ddcc,
0x6a6a7aad,0xe09999af,0xafacc9cb,0xcfacc9b2,0x3e6ab1ae,0xb5ab343d,0x5b386eb0,0xab79aeaf,0x9f795caf,0xb1b0ce66,0x79595caf,0x3b55569a,0x5b3c6b58,0x6b7e575b,0x6d76c19c,0xd0bd5b62,
0x362a3ab6,0x2d59353e,0x3a606233,0x5661592d,0x3a363d5e,0x342d3333,0x2b333433,0x2d33ae34,0x33341b2d,0x32332a35,0x4c3d6168,0x6b6e3538,0x7eb7cd71,0xb87abb9c,0xb9ce3570,0x7e3e3e61,
0x3d3d5fad,0x683c3d3d,0x4c6b717d,0xb0736156,0x6b686c7f,0x7f9b9b64,0x60607270,0x6a57359a,0xbb635d71,0xd4e1c9b2,0xe0ccbcb5,0xb49cbfdd,0xb29a7470,0x71d87070,0xbcb2727c,0xbedebfa0,
0xbaa2beba,0xa2a2dca2,0xe8dee4e8,0xe8c4a9e8,0x87fcfaf7,0x14141412,0x12121223,0x44444423,0x12232323,0x44252523,0x14468a8a,0x0a050514,0x8f850b23,0x8e0b264d,0xa8c5eae7,0xf4f7f5eb,
0xedf0f0ee,0xd8dea8c5,0xe32e16fe,0x151c150b,0x18050b05,0x1f20070d,0x1f41410f,0x070f1f0f,0x20202007,0x070e1f1d,0x20201f0f,0xd61f1f1d,0x80ede3d3,0xd9f2fbd6,0xb4dae6d8,0xd0e2ddcf,
0x78aa69b0,0xcbc96879,0xcbcfc9b5,0x7b99c9b4,0xb2abcf79,0x7db571af,0xb4ae7d71,0x6ccbd7bc,0x2f7a7c5c,0xcecedad9,0xa0b03e5f,0x61ad353d,0x5d575c58,0x7e7e7037,0x5e5ea0b8,0xa074593a,
0x382b3da0,0x2d735962,0x2d593636,0x5a2d332d,0x382a2d59,0x6971bd33,0x2d3638b4,0x292d6a33,0x37353d34,0x342d2d38,0x3d343737,0x612d375b,0x9b98b7d0,0xa0333e9c,0x69b07e9b,0x60763e3d,
0x333e6235,0x68793d2d,0x5d6a5d7a,0x6d5a7e7b,0x3a613859,0x6060a060,0x639b6065,0x3d5d5d63,0xcccd7560,0xabd0b56c,0x73bdbfce,0xcfccae76,0xd76375bc,0xb5cfaeb3,0xb27298bf,0xbabf9db8,
0xbebcbed7,0xe8c2bfbe,0xe8c6e7e8,0xc6c6c6f5,0xa7a7e7f7,0x12121223,0x23121223,0x44444425,0x44232344,0x46874423,0x14448746,0x0a050444,0x2ea70509,0xf40b1547,0xfc4848f4,0xa9e8c6e9,
0xedeaf2f2,0xd928c5ef,0xcc3149f3,0x1c390b05,0x2f0b0b02,0x2020070d,0x20201f1f,0x0f0f0f20,0x1f20200f,0x070f1f1f,0x41200e07,0xf31f0f1f,0xc8e0e3db,0xd8e1e1f3,0xd0d4dae1,0xcde1e1dd,
0x585855a0,0xcab56758,0x7ccc6eb1,0x3d7bb278,0x9a9abc6c,0xb2b5aeb4,0xb0b16c6b,0x3db5b4ab,0x60747c3a,0x98e2d59e,0x617e6261,0x74685656,0x746b5b7e,0xada0566d,0x3936b8a0,0x5e596464,
0x3a626476,0x5963352b,0x3a355f3a,0x385e5938,0x2a2a1b3d,0x6c7dda2d,0x2a332d33,0x2d2a2d2a,0x33373455,0x34353c57,0x6f7c6133,0x7e9c3374,0xd0bdae3d,0x756d747e,0xb7595fb7,0x5b9c355b,
0x2d3d6d34,0x986a6b38,0x795c68bc,0x5e3d5c71,0x5aa0644c,0x6060b670,0x7b605a63,0xbd9a6062,0x9a636260,0xb7bfc0b4,0x9875d0cf,0xbd6bccba,0xd8b7bfcf,0xd8b398bc,0x726f98bf,0x9d63ba9e,
0xbebebed7,0xc2a3d7d7,0xc7a7c6ee,0xc3e7f4c4,0x95a7f4e8,0x12121223,0x25121212,0x44444423,0x23232387,0x44232312,0x0a238746,0x1409058a,0x0b910b09,0xf40b15a7,0xfcf7458b,0xa9c389fa,
0xefc5eaf0,0xcce9a8fc,0x4f3027f2,0x050b050b,0x18050b02,0x20200306,0x20201f20,0x070f0f20,0x1f1d0e0f,0x0f1f1f1f,0x200f0707,0xe31f0f0f,0xe0dbeef0,0xd9dac9f0,0xddd2d4df,0xc0daece0,
0x55683b9b,0xaab178ac,0x6f786aac,0x61557d79,0x6c5c5b5b,0x61616cab,0xb44c576c,0x619aab79,0x606f6a6b,0x6dd0eeb8,0x57353d6c,0x76bc9c63,0x9c687e5f,0xb77e5e5e,0x733676b8,0x593a59a0,
0x3a563569,0x2a2a339e,0x623d3d35,0x5e6b7e38,0x342d3856,0x61326c5a,0x4c341b1b,0xaf5b5b1b,0x576b38b5,0x3c57613c,0x9cb76e33,0x5ebd7fae,0xb7b0733e,0xadcad5b0,0x3e38627a,0x7e743859,
0x3756355b,0x7d6a3d33,0x616b6f7b,0x7e616a6c,0x76626274,0xb776769b,0x787573b0,0x5a9e9b9b,0xb49ab34c,0xcde6ddd9,0xd86b6e60,0xbb76d8d5,0x9acfe2dd,0xbcab5d7b,0x7bb2b5bc,0xb39d7bb3,
0xbec2a29d,0xa28fe4be,0xc6c3c3c3,0x95e7e7e4,0x87a7f7ee,0x12121223,0x25121212,0x46444425,0x12121244,0x23142323,0x0a258a46,0x230a0587,0x24050b11,0xe713158f,0xfcf6968b,0xc6c686f5,
0xea96c5e3,0xcb484ac5,0x982e17e3,0x2e0b1667,0x19051505,0x201f070d,0x201f0f0f,0x0307070f,0x0f0e0f07,0x1f0f070f,0x0f07070f,0xd60f0e0e,0xcbe3ecf0,0xa3dad4e3,0xd4cce0c0,0xb0e2ece1,
0x6757589f,0x68b4555c,0x346c7878,0x7468afb1,0x706b6e68,0x6c5c617e,0x6b365e5b,0x9871c97d,0x669a5c9a,0xb6b7d0b8,0x565f74a0,0x7fcdb35b,0x5e627f55,0x7e6d744c,0xbd6436d9,0x35332bb7,
0x332d3538,0x2d333a33,0x353a5638,0x2d37713a,0x37622d2d,0x382b1b56,0x2d2d5dab,0xc9686b2a,0x57373d7c,0x69343b5d,0xbf3d5833,0x33b6b0cc,0x9cb7741b,0xb09cad9c,0x3d3a6d71,0x7cad3835,
0xb7563337,0x616b616b,0x71717fb1,0x6d767436,0x9b736f7c,0x9c7576a0,0xab709a75,0x606dbb75,0x72b3bcbc,0xaebbd87c,0xb0736d7c,0x9e76bfd9,0x7b6b6d6f,0xb56fabab,0xb5b3bfb5,0xbc987ebb,
0xe1bea2b2,0xa28fbed7,0x91c3c3a2,0x95e7f4e7,0xa7a7a7e7,0x12121223,0x23121412,0x46252525,0x12121225,0x12232323,0x23254646,0x2205058a,0x1c160922,0xf7242c4b,0xc54848f4,0xc7f596a8,
0xf0eef3e3,0xb592fac4,0xaa1c17e3,0x2e16315a,0x1a050b0c,0x1f0f0306,0x1f0f0703,0x03030f0f,0x070f0703,0x1f070707,0x070f1f1f,0xd10e1f0e,0xecf0e0e0,0xe1ddd9e3,0xb4c0bdd8,0xa0cee1d9,
0x55676f76,0x7dcc6a3c,0x79817868,0x4c3d7d38,0x3ac96c56,0x6f796d39,0x6b593838,0x3db5b2b2,0x66aeb06f,0x6d73af64,0x5c7fb8d9,0x6e586835,0x597eb7ad,0x7eb86d3e,0xbd5e2fb8,0x331b3a79,
0x382d3736,0x3d5b7c61,0x353d616b,0x373c383e,0x7c613332,0xb07360b8,0x5b6dd0ca,0x796a6157,0x5c332b3c,0x7c564c3d,0xcf606b71,0x1b76bddf,0xc09c3d1b,0xb85e74bd,0x74366db0,0x376a3374,
0x9c5c5c3d,0x9b6d6ba0,0x9c686eb0,0xb85b5f64,0x7e7676bd,0x75a09fa0,0xcf9a6b5b,0xb87691bd,0x619a7ccc,0xcc75b0da,0x60667676,0x576bb3df,0x7c61605d,0xcc7cb3bb,0xb272a0cc,0xb2727bbb,
0xe49dbfcc,0xa2a2d7e4,0xc4a3c6e4,0x95e7e7c7,0xfde795a7,0x12121246,0x23122514,0x25252523,0x12121225,0x12121212,0x25254646,0x0a050587,0x158d0922,0xfc171c85,0xebc58cc7,0xc7faf9eb,
0xf0f0f0e3,0xb4f0fce1,0x551c16d6,0x0505d260,0x18050b1e,0x0f070306,0x1f1f0707,0x0303070f,0x07070703,0x0f070703,0x0f1f201f,0xfb200f0f,0xd4e0e0f2,0xe3e0cfda,0xc9dbc8d6,0xbbb5b2b7,
0x7f757eb7,0xcedf7eab,0x7ab1cf7d,0x7d585d56,0xc9d4bccc,0x716cabae,0xab2f596b,0x9cc9b2c9,0x665ea1c0,0x62bdb973,0x6a7fadb6,0xb05f5c55,0x625f5c9c,0x6db86e9e,0xdf6e646d,0x691b5fb0,
0x6133562a,0x5f5e3e3d,0x6438352b,0x7c76693d,0x7e335b7c,0x387fbdbd,0x616eb669,0x372a2a3c,0x69635b34,0x33373c3d,0x68b4b771,0x37769cbd,0x625e624c,0xccb0d9d0,0x3856b0d9,0x5b5b3356,
0x343b3638,0x6c3c6359,0x9a5c617c,0x7e566c71,0x6476739e,0x7e746475,0xb47e799a,0xb79f9fc0,0xbb5d6fab,0xa0a0dff3,0x5a6f7676,0xbbb3d0bd,0x6f5da3c0,0xccba9a6a,0xc09db3e1,0x9dbacb9e,
0xdcdcbfcc,0xc3a7eddc,0xe8c1a3c2,0x95c6a9c6,0xe795a7a7,0x12121246,0x23254623,0x23232314,0x12011223,0x12121212,0x25254625,0x04150404,0x22150202,0xc7134785,0xa8fbe88e,0xf4e7f4eb,
0xf0e3dbe0,0xccd6e3f0,0x322e13d6,0x0b0b2b1a,0x0d051640,0x0f0f0303,0x0f07070f,0x03030307,0x03070300,0x0f030303,0x0f1f2020,0xfb200f0f,0xd4d9d4f0,0xd6d4d7e0,0xc9d1c8d2,0xb55557ae,
0x6464bdbd,0xdacea09c,0x4f5cccda,0x6c6a7bb4,0x79997b78,0x573d58ab,0xa0bd7cc9,0xcbd2e0b5,0xb8bfb7cc,0xb0b9ca62,0x3737ad69,0x9a7f7e5c,0x629cadab,0x7ed5b971,0x3c59735e,0x7b573e71,
0x7a701b2d,0x35639a35,0x3838563e,0x3d56693c,0x604c6b61,0x343d3776,0x59366261,0x34572b37,0x68796b35,0x3d6c2b2b,0x686e9a7a,0x5bb09c6b,0x6b356d5a,0xad747e76,0x387acab0,0x35386a4c,
0x3c687a37,0x556ab07e,0x5d56aeae,0x39617d71,0x7364765e,0x714f7364,0x637b70ab,0x6631a1a1,0xddb798b2,0x649bede2,0xb7b4cdbc,0x7360bf9a,0xb2bf9e60,0xcfccaebb,0xc0a3b3dd,0xbad7cbd7,
0xdcdcbeb3,0xc3a7e4d7,0x8dc39791,0xa7c3a7a7,0xa795f495,0x12251425,0x23464623,0x14141212,0x01011212,0x12121201,0x14254623,0x0a050511,0x4d850504,0xc70b4795,0xe9eee8a7,0xebc6f4eb,
0xeaf1fbe1,0xe6e3f1f6,0x1b4e17f3,0x15151818,0x0c050b1b,0x0f1f0303,0x07070303,0x00030303,0x03030300,0x0f030303,0x0f1f2020,0xfc200e0f,0x81fae0e0,0x769bf1e3,0xb2d1dbc8,0x9a556a9b,
0x787be1bd,0xe0e0c9da,0x33799999,0xbcb57cd8,0xb2ccd0bc,0x5cadabbc,0x6078ab9a,0xb4d4af59,0x62a07364,0x6b6ecc6d,0x563d6e5b,0xb86e697a,0x7fb7b1b7,0xa0d0dfb0,0x33596d73,0x7fb7a09a,
0x3ace332b,0x5e6ad95e,0x61594c9b,0x1b2b3d37,0xd04c342b,0x6d2d1b74,0x5a2d3a5f,0x3e9c796c,0x7833573e,0x609a7a34,0x9a7161ab,0x76d9ad5a,0xbd9e597e,0x9c755e9b,0x9c6e3e4f,0x617a5655,
0x7c6f5637,0x5cad9cb0,0x7c7f796d,0x735d6fae,0x60739b60,0x9e667361,0x669ab772,0xc17660d0,0xd8bfd0a1,0x73efb4d8,0xbc5e989c,0x707172ba,0x7b989e6f,0xcdd09ab4,0xd7d9c0d7,0xd7beb5b3,
0xdcedd7bf,0xc3e7f5e8,0xa78da7e8,0xa9a98dc3,0x8a95fcf4,0x23251425,0x12234623,0x12121212,0x01000112,0x12120101,0x12124623,0x12050522,0x26858525,0xf40b4747,0xc5f1e8a7,0xf9fcfceb,
0xc1c5e2ec,0x92c4e9a8,0x1b2e17f3,0x181a1a1a,0x19050b0c,0x070f0303,0x03030303,0x00000303,0x03030000,0x0f070300,0x1f1f411f,0xe3200e1f,0xcffbfaf1,0xb770d1d6,0xacd1d6d2,0x99ab6b9b,
0xecdad0bb,0xfaec7be6,0x37c9e1f2,0xcb7dbcd4,0xce9cb1ce,0xadb9ccaf,0x5c58d4cf,0xb77d9a5f,0xad7e76b0,0x713db4b4,0x5e7e6d5e,0xb0796cb4,0xcace719a,0x7174b0a0,0x3d3d3638,0x3d6e9c56,
0x3abd693d,0x60bcf26b,0x3335565e,0x34332a37,0x3e3d2b2b,0x7c33332a,0x683562b0,0x3574dad5,0x9a3c5b35,0x393a5b35,0x6e555b56,0xb3717cb3,0xbd9b5e3d,0xb971387e,0x5f5c5e5f,0x5e713537,
0x6f373d60,0x7c7c7cce,0xae5b6199,0x746f6b6e,0x5e6d7670,0x75605763,0x6675a098,0xb473a19f,0x6f7bb476,0xb3dd7168,0xddaec971,0xe6e2cfc0,0xb2b3d0dd,0x9acfcfb5,0xe5e5cfb2,0x9dbecbc2,
0xbedcd79d,0xe8c6fcfa,0xf7f7eeee,0xe7f9f9f7,0x87e7f4f9,0x46251423,0x12234625,0x12121212,0x00000012,0x12120101,0x12122512,0x12050987,0x26850b14,0xc7132647,0x88a9a6a2,0xf9f7eb96,
0xddeaf3da,0x51498cc5,0x675117f3,0x15151a0b,0x29050c19,0x03070306,0x03030303,0x00000303,0x00030000,0x0f0f0703,0x201f201f,0xf1412020,0xd8ddcbf0,0x7c78c8aa,0x6c77786a,0x7b766378,
0xcd769b9c,0xe0edabbc,0xcb99d4cb,0x7cb27de1,0x5c3778ce,0x6eabb55b,0xab677dbc,0x7eabdab5,0xb4c04f5e,0x62636bad,0x9c565e3e,0xb7b0bd9c,0xb1cdb8b0,0xae699cb0,0x37562d2d,0xcd7f3c5b,
0xe25fb6d0,0x5ed0faed,0x56563536,0x2d2b2a33,0x2d3c612d,0x6b5a6333,0x9a71b0bd,0x3838d0b1,0x352a3557,0x34373457,0x596c3d33,0x615bb97d,0x624f737c,0x6e5e5b6e,0x6b35383d,0x764c3c61,
0xce5b63b7,0x7163b5ce,0x7cb3ae9a,0x6b5b5b5f,0x6463607c,0x6d5a7560,0xbcb06460,0xb5754ecf,0xaeb5787b,0x71ababb2,0x9eb0cfed,0xd7bb7560,0xb45abfba,0xd8d8bfd7,0xddbacbd8,0xd7bf9dc0,
0x9da29dbc,0xa3c3eeed,0x8d8fdeea,0xa7f7e8e7,0x95f4f4f6,0x46142587,0x14254625,0x01121212,0x00000001,0x12010100,0x23122312,0x140c0944,0x8d8d2644,0xf6094747,0x978e84a2,0xf7c596a9,
0xe5a8f3e1,0xe3e3eafc,0xc93016ce,0x050b2e16,0x0c051519,0x0307030d,0x03030303,0x00000003,0x03030000,0x0f070303,0x1f1f201f,0xe3e38220,0xcce2b4e3,0x81c8afc8,0x7c817b81,0x7864796a,
0xca76c978,0xdaeef2da,0xe1cfb4ac,0x619956d4,0x9c99bc7e,0xb4b49960,0xcfafb49a,0x6db0bcce,0xb6cdc074,0x617c5bb7,0xad745f5a,0xb7a0b76d,0xb0b7b7b7,0x7e7a7cce,0x38553c38,0x6c32344c,
0xed2a5eb1,0x59b8bde2,0x69563d64,0x33355635,0x2a2b3433,0x605e6b5b,0xbcd9cdb3,0x5b717156,0x2d3a7c57,0x4c6a7b68,0x2d563838,0x3d3a7f4c,0x5b5a3a73,0x605e7671,0x3a32382a,0x4c32377e,
0x7a716d79,0xbc6faebd,0x6bb5b2bc,0x986d575e,0x74627064,0x5a606063,0xa0b15e5e,0xbc9864a0,0x9db5ae98,0x9ad77cb4,0xb7cdb3e1,0xbfcfae4f,0x983acfcb,0xe1ddd9bf,0xd0bed7dd,0xcbbabac0,
0xc2a29db2,0xc3c3dded,0x88a39393,0x95e7a7a9,0xe7f4f4f6,0x251246e7,0x12232525,0x01011212,0x00000000,0x01010000,0x44121212,0x140a0423,0x16170544,0xf90b47a7,0xf4f1f4a2,0xf7f5fcc7,
0xefc5f0e0,0xe1bffbfc,0xf24e16f5,0x1530a127,0x1805151d,0x0703030d,0x03030003,0x00000303,0x03030003,0x07030303,0x1f1f201f,0xd6e3f3d3,0xc9c0dbd6,0xd1d1ced1,0x3c81b278,0x78557b58,
0xafbdcb99,0xe2ece1bc,0x99dfbdb5,0x63cc71da,0xb499c96b,0xcfddb57a,0xb9b17a62,0x74aeb4ca,0xa0769bae,0x626d707e,0x5e597060,0xca6e6d74,0xb09cc0bd,0x35599abc,0x33333833,0x32333838,
0xbd6d2d3d,0x3e742d7e,0x6b643369,0x695f715c,0x33332b68,0x6b385674,0x5d9ab098,0x3d616238,0x3333715b,0x5d5c6837,0x3cb2ae7c,0x1b324c2d,0x4c575d34,0x62743d56,0x34326f35,0x3c374c5e,
0x716b3833,0xd09a7ab1,0x9cafb4df,0x74b3759e,0x606d745e,0x5a5e6464,0x997e363a,0x75705360,0x9abccfcb,0xabbcaebb,0x9eb9bbd0,0x73b4daa0,0x9a60d8cb,0xccddccb2,0xbbb2bcdd,0xdcbebcc0,
0xbec2ddbf,0x8fa2e4e1,0xeeeee8dd,0x95a790e8,0xe7f7c6de,0x2323a795,0x12142525,0x00011212,0x00000000,0x00010100,0x12122312,0x120a0425,0x13130944,0xf40b85e7,0x96c691a2,0xf4e7f496,
0xc5eff1e3,0xe0528cc4,0xd6300bf0,0x04050216,0x19050c02,0x03030318,0x07030303,0x07071f0f,0x1f0f1f0f,0x0f0f1f1f,0x1f1f201f,0xd3e3fb82,0xd4c0d6d1,0x7881abdb,0x403b676a,0x9a786778,
0x7cb1f0d4,0xe0e1edcc,0xacafd8e1,0x71ab7dcc,0x7999b4bc,0xbcc9ca7f,0xb1ad686c,0x9aabdaca,0x9c6d647c,0x6d7eca9c,0x64737474,0xb7cdb09c,0xb67ab1b6,0x332d3cb9,0x33385634,0x291b2a2b,
0xa09cbd71,0xb9cdb070,0xb09c9c3d,0x34617f98,0x35355638,0x6135383d,0x5b3d563e,0x35355969,0x3c33334c,0x553c3c55,0x6f3d6b5c,0x5732374c,0x716a6b37,0x5a613738,0x35333538,0x4c2d1a33,
0xb07a6f70,0xae9a5d7d,0xb7bdafb4,0xb99c71b7,0x646474b9,0x5e5e634c,0xab9c5a63,0x9a9a6670,0xaeabb2b2,0x98ccbaae,0xa0b398df,0x7698d8b3,0x9a63cfd7,0xddbcbcab,0xbaccbcdd,0xbfe4d7a1,
0xa2c2c29d,0xc3a2badc,0xc6e7e4dc,0x95e7a7ee,0xe7f4e8e7,0x2344a795,0x12142523,0x23231212,0x23121212,0x01121223,0x12121201,0x120a0425,0x0b0b0226,0xc70450f4,0x968489a7,0xf4e7a7a8,
0xa6f2dbd6,0x77e3dd93,0x3b4e16d6,0x09161516,0x0d050c0c,0x0003031e,0x07070303,0x0f07201f,0x8020d382,0x0fd3f1e3,0x1f1f1f0f,0xd6f1f141,0xdec0dbd6,0x7bd2e0e2,0x77787781,0xdfec6777,
0x9c9aac7d,0xede1e1b5,0xb2b299d8,0x9aaf68c9,0xabaec974,0x9aaf6d60,0xcab86c71,0x6eafc9b3,0xb19c3a3d,0x6dcdca7f,0x7a6e7562,0xbdb07c6d,0xb67eb6ca,0x2b334c69,0x385bae69,0x342d1a2a,
0x73c07a6b,0x68bdc07e,0x5bb07a2b,0x359cb774,0x59332b33,0x563c2b33,0x63605e3a,0x38565b7e,0x5c383d35,0x3d2b336c,0x33373c3d,0x374c5b56,0x4c5b3c2d,0x382a3255,0x381b3d57,0x74b85633,
0x717c7971,0xa09a7b68,0xb6b06b7e,0xcc9c6b9a,0x62b07eb0,0x5e3a5e62,0xaeb76064,0x9838396d,0xb36f6f98,0x6bcfb4b4,0xc9b3cfd8,0xd8bcbacd,0x725ab3bc,0xd8babc9e,0xbfbcb3d7,0xbabe9dd9,
0xc2c2be9d,0xc3a2c2c2,0x95c3dce4,0x95a7c3e7,0xe7f4f4e7,0x1425a7a7,0x12122523,0x8795a795,0x25254646,0x12121223,0x14121201,0x020a0a44,0x170b040c,0xf7054d30,0x9697e78f,0xf4c3a7eb,
0xdef2e3d6,0x78f0f1ed,0xd64e0bd1,0x0b1b1805,0x060a1518,0x0000030e,0x07030000,0x1f1f200f,0x7740d1d3,0x0720d3d6,0x1f1f1f0f,0xdbdbdb1f,0xd0cbf0f0,0xaac8cbde,0xc8da81d2,0xb5ac7877,
0x81ad9978,0xc9b2e6ac,0xccd4c9c9,0x60ca5caf,0xb5bcb13a,0x6ccccf7a,0xcdcd7c9a,0x7ab5cc9e,0xad76606d,0x74797d9c,0x7f9c7e60,0xb9b99c74,0x697ab6b6,0x4c686e5c,0x557dae5c,0x576f1b2a,
0x62bdcebc,0x3e7e5976,0x7e6c2d33,0x3db6749c,0x56332d33,0x3e383538,0x3757333a,0x56626156,0x68563335,0x384c3761,0x3d563c34,0x383d3d3c,0x3235634c,0x322b2b34,0x5b2d3555,0x687e5634,
0x6f7a6258,0xa0b7747e,0xb07f6962,0xb1bd6e56,0x9a9875ae,0x7359595e,0x9898b398,0x63385e70,0xabab7b6b,0x5a9cbcb4,0xd4bcbcb5,0x60c99acc,0xae5aa060,0xbadd9d98,0x9abe9dcb,0xbeb29d76,
0xc2dc9dbe,0x8f9de8e4,0xe7a6a3be,0x95e7e7e8,0xe7f7e7c3,0x1225958a,0x12121423,0x8787a746,0x23468746,0x00011212,0x12122512,0x020a0425,0x4a0b0415,0xf70b8715,0xa8e7e78f,0xf4e7e7c5,
0xe5eaeaf1,0xdea6e594,0xc81c0bd6,0x051a0c0b,0x070a180c,0x0000000d,0x07030000,0x82411f07,0xf0dbe3db,0x070f82fb,0x0f0f0f0f,0xf3d3d341,0xe0d6e3fb,0xaa81caed,0xb8c0acaa,0x68cbeed2,
0x587bc9b5,0xcbecf37b,0xe0dadacc,0x5eab5cc9,0xb5b29aae,0x7bce7e74,0xb1b96f7b,0x79aeceb7,0x7fa0666d,0x9b9aad7e,0x749c7470,0xb1afb1b9,0x7fb05fad,0x37385c59,0x2d79af55,0x69ae3d34,
0x6abd6e74,0x2b3a3a2d,0xa0612a2a,0x5e6d6276,0x3735565b,0x33384c34,0x574c3533,0x4c3c3838,0x5c573c3d,0x333c574c,0x5c3d3333,0x35373855,0x2d38565e,0x343c3c33,0x35372b3d,0x6c58565b,
0x37345b6e,0x6d756b7f,0xa05e6d74,0xb9b07a74,0x746374cd,0x7563645f,0x9898ae98,0x7636649b,0x9999729a,0x70d7d8b4,0xc0c0b3cf,0x759a987e,0x7263c09e,0xccccb29a,0x9d9dbedc,0xbfbeba75,
0xddbebedc,0x8fa2dce4,0xa9a48ba7,0xc6e8c6de,0xa7e7a7c3,0x14878a87,0x12121412,0x8a958a12,0x25879595,0x00011212,0x12121201,0x020a0212,0x4a0b0204,0x970b4487,0x968ea9a7,0xf7f4f4a8,
0x8cc1b2db,0xedc45292,0x32180bf1,0x052e391c,0x0e020c05,0x00000006,0x03000000,0xd3e32003,0xe3f1e3e3,0x0f070f41,0x0f0f1f1f,0xf182d182,0xdad6e3e3,0xd4cbdfee,0xbcdbbbd4,0x7bececb5,
0x55677767,0xdae1f2aa,0xe0dad8b5,0x35afabda,0xc9cc7cab,0x7dceb76d,0xadb15ccb,0x79b9c0b1,0xb0b83e56,0x71b0766d,0x696b9c74,0xceb0adb0,0x383e5eca,0x2b3e9a59,0x387b616b,0x56ca6137,
0x2b2b2d2b,0x7674351b,0x626d3838,0x595f614c,0x642d579b,0x335e345b,0x62565b3c,0x3d344c5e,0x374c3755,0x3d385737,0x3c376b3d,0x604c6879,0x333d5b3a,0x37383c3d,0x6f331b37,0x5b7d3d56,
0x74382a35,0x9e6d3a59,0x766d5ea0,0xadb09e64,0x5b6d747d,0x63617563,0x70757c71,0x74635e31,0xbc716f6b,0x3a6fb2ac,0x3176bbbf,0x5ab3bcae,0x9872cf64,0xe4babed7,0xbabacce6,0xbebebfba,
0xbfe4e4be,0xa2bee1be,0x8dc3c6c3,0xa7f5c6a7,0xa795a7a7,0x14469595,0x23141412,0x95461212,0x234695a7,0x00011223,0x12120100,0x04040212,0x13220b09,0xc7044495,0xa88685c3,0xf7e7a9a8,
0xdef1d6d1,0xe0dae3b2,0x771a05db,0x3670151a,0x0e010c0d,0x00000003,0x03000000,0xd3821f03,0xd1e3d180,0x0707070f,0x1f1f1f0f,0xe3f1d682,0xd8e3d6d1,0xd4c0a4e2,0xcfe3bccc,0xaadad4c9,
0x67555568,0xcbd2e1b5,0xd2ece1e0,0x7eca7d6c,0xd4b75ed4,0x6aafd87e,0xafb67e7c,0xaeb4b6ae,0x7e765f79,0x62ad7e6d,0xb6b9b56b,0xb17c7ab1,0x352b68ca,0x623dad6d,0x6c6a3d56,0x6a5661b4,
0x1b1b573d,0x9c5e3e7e,0x625e627e,0x60747e74,0x3e5a5671,0x3e56324c,0x37345656,0x3d3a383d,0x384c565c,0x5a38383d,0x3c5d3435,0x3e61616f,0x3a3e3e33,0x5534343c,0xc97a354c,0x9ccd7971,
0x73743733,0x747c712b,0x76746d76,0x5ba19c6d,0x63bd9e61,0x9e575c6f,0x634c765d,0x76737373,0xd89c7b65,0x4c6172ca,0x605accd5,0xb4e1b7d8,0xbb72bbb2,0xd7bad8d8,0xbabad7e2,0xccccbe9d,
0xdce1dcd7,0xa2beeee4,0xf4c6e4e7,0xa9a3a2f4,0xa7a7c3e7,0x238a9595,0x25141423,0x8a231223,0x23239595,0x00010123,0x12010000,0x12090812,0x47858544,0xf704478a,0xf7f7c3a7,0xf7def4c7,
0xf6f3d1d1,0xb2dde3dd,0x784e0be3,0x0c1a153c,0x03060c19,0x00000003,0x00000000,0x82821f03,0xf0dbd382,0x0f07070f,0x1f1f0f0f,0x82fbe382,0xbff0d3d6,0xd2cfdee0,0xc0e0c9bc,0xcc99ece0,
0x587d78af,0xe0e1e157,0xccdacbcf,0x56b16a99,0xc9b475b5,0x58c9e66e,0xb5ad71af,0xb4d8cead,0x7c647ab5,0x5e747574,0xadb07961,0x7c7e697f,0x59b16e6b,0x9a762d59,0xabb2b46e,0x6b9a9ac9,
0x4c2a1a35,0x372a1a71,0x62594c6d,0xd06d746d,0x6d4f3a9c,0x5e623d59,0x563d5e7e,0x3c3d3e33,0x60616161,0x5638383c,0x356b3c34,0x1b566c5c,0x383d3d35,0x38375b3d,0xd9ed5634,0x3da074b3,
0x293e795d,0x693db73e,0x3ebdcd7f,0x5a9b7336,0x71b09c61,0x9861b4cc,0x5a5b7660,0x4e766073,0xae7c9a63,0x617c99b4,0x9870b1b5,0xd8da98ce,0xb275bfbc,0xbfb3d7cf,0xccbabfd8,0xdcdcba9d,
0xdcdcdce4,0xe7eef5e6,0xe892c3e4,0x97a896e8,0x95c3e7e7,0x25e7958a,0x46252323,0x8a121223,0x254695a7,0x00000123,0x23010000,0x12110812,0x8da74344,0xf40b8787,0xc5f7e78f,0xf7f6fca8,
0xbae0dbd1,0x6651c0d2,0xb2310bd1,0x05182e78,0x07060c04,0x00000007,0x03000000,0x41200f03,0xd3e3d382,0x0f0f0707,0x1f1f1f1f,0xe3dbd341,0xbbf0f0f0,0xe1ecdeda,0xd0dbe3ec,0xb2cbe6dd,
0x6899aa9d,0xeeeed46c,0xecb2cbda,0x5db5abb5,0xabccafcc,0x9acfae76,0xcaab7ecc,0x9adab279,0x717660b4,0x74b0746d,0xab6b74b1,0x3e6e7aab,0x2d6ba062,0xbdbd9b3a,0xaeaebd68,0x2a56cab4,
0x586a2b1a,0x3c2b2b33,0x74353371,0xb8766d74,0x5e625e6d,0x746d6d5e,0x5656795b,0x34565f34,0x6d6e3534,0x3d3d4c6b,0x3760613c,0x2b385d38,0x4c3d3833,0x3c374c3c,0x6dcd612a,0x34383a4c,
0x332b6b34,0xa04c3359,0x6db8d57f,0x6b9c7574,0x725b7075,0x636a6f9e,0x395a9e9e,0x769c7360,0x999a7b9a,0x7e9e99b4,0xb4cfc0ce,0x5dbcbfcf,0x9e9ecfae,0xd7b3bed7,0xccbacce1,0xd7dcbebf,
0xbea2c2e4,0xe7e8ecdc,0xa2a3c2c6,0x8dde96f4,0xa7a795a7,0x259595a7,0x14231423,0x46121212,0x23254687,0x00000012,0x12000000,0x12111112,0x85850411,0xa90b9526,0x4aa68ea7,0xf7e9eb88,
0xaaa1d1d1,0x9f933f20,0x782f0c81,0x181e1657,0x1e0a050a,0x0003031e,0x03000000,0x82411f03,0x82828282,0x0f0f1f1f,0xd3201f20,0xf0e3d3db,0xbbd4f0d1,0xecf0edec,0xccd4e1ec,0x7be0d8cb,
0xaa777881,0xecd4e168,0xf2c9d4ec,0xb2b279e0,0xb5b5afab,0xb4ba586c,0xabb5abda,0xb5c9787b,0x7a636bcc,0xcab47c59,0xadb09bb9,0x56b4b66b,0x3d3d5e2d,0xb4dfd96b,0xad567c34,0x38626370,
0x38685738,0x3d575b37,0x5e5e3638,0x3e9b7670,0x627e6d3a,0x6d7e745e,0x326b5b5a,0x3d61372d,0x341a3334,0x56623838,0x375b5734,0x2d353d33,0x362d3332,0x2b37375c,0x695e3d2d,0xb55c5e61,
0x38337868,0x989a382d,0xa074b1b3,0x9c9c689b,0x987e5db0,0x6b729a75,0x635a9e76,0xbbae6076,0xb3dcabb4,0xb39abcae,0xb3bb7ecd,0x63b2abcc,0xba72cccb,0xbfbebad7,0xd7bebebe,0xdcd7bfbe,
0xdcbec2dc,0xa2dde1e4,0xe7e8a3a3,0x8de7a7e7,0xa79595e7,0x4695a7c3,0x12121425,0x87232312,0x12234646,0x00000112,0x23010000,0x12111112,0x8a150211,0xc7059095,0x4a4545a7,0xe8a9f4c7,
0xea9fd6d1,0xd0c40e41,0x552f0be3,0x0c191532,0x1d0a0c0d,0x0f823f1d,0x0f0f0307,0x201f0f0f,0x201f2020,0x1f0f1f0f,0xdb411d1d,0xd1e3d3db,0xd7cbe3d1,0xd9eddae6,0x9be0d0c0,0x7be6d4ac,
0xcb7867ac,0xdadaedac,0xecd4daed,0xdd7175ca,0xaeb5b5b2,0x9cb779af,0xb5d8b0b5,0xacb57967,0x7e7e7cc9,0xca9a6b68,0x7e9eadce,0x68b5b17e,0x6c71ad61,0xccd97161,0x3e3468da,0x7d9e6364,
0x373d5d55,0x3e383356,0x383e5e56,0x33767e6d,0x765e3a2d,0x596d736d,0x5b5c5b5b,0x38333d74,0x373c74b0,0x3c685b34,0x3a3c3c56,0x352a3433,0x382d3333,0x3c331b35,0x7dad7c5c,0x716c7eaf,
0x5f3e3568,0xb2576168,0xb07eb0bd,0x61716e6e,0x61719a6c,0x9e7e7169,0x7c646475,0x9ecca19f,0xb4ccbc9a,0xcfb3b47c,0x9eb39ebb,0xcfcfacb2,0xcc6063da,0xbfd7ccd7,0xc0d7bebc,0xe4bebabf,
0xb3bee4dc,0xc3dceee4,0xc6a3c6a3,0x9797a7a7,0xa79595ee,0x46e7f7c3,0x23252323,0x46232523,0x12234625,0x01121212,0x25462312,0x14090408,0x85130411,0xc70b9090,0x898da790,0xf4a7e7c7,
0xe0a5eed6,0xe5670dd3,0x771a0bfb,0x15190c18,0x060c0c1d,0x201f0706,0x41410f0f,0x0f0f0f0f,0x1f201f1f,0x200f0f07,0xd6201f20,0x80e3d3db,0xcbc8e380,0xeeefeef2,0xd9ecd9dd,0xaee1ecdd,
0x78557bb4,0xd4e1ecac,0xf2d4ecee,0x7f736bbd,0x7d7cabbc,0xbdcdadaf,0xcce19eb9,0x7fb5afaf,0xd9a0b0ad,0xb77a68ab,0xcacecab7,0x3d79ae9e,0x7faeb09c,0xced09a61,0x333d5cb1,0x7a685637,
0x32683c38,0x3d333333,0x5b3d5b3d,0x3a2b3d6f,0x6273333a,0x62637e7e,0x7c7e5938,0x3d3c3c5f,0x3c68ccb9,0x573d3856,0x364c3d63,0x373a332b,0x58563d38,0x5b3d1a2a,0xb472602d,0x7e2d2b6b,
0x562b356c,0x6f7c723c,0x6298989a,0x596d7e3d,0x9ca07e71,0xb8cd9a7c,0x7e6075a0,0xbbae9ea3,0xb3b49a6b,0x70b7cdb4,0x729bbb9e,0xc076b47b,0xd89e60b7,0xdeddccb2,0xbba1bfd7,0xd7bfbf98,
0xbee4ddbe,0xa3e4eeee,0xa3a3c6be,0xa7a78de7,0xf4e7c3e7,0x25fcfaf4,0x23232323,0x46121414,0x23234646,0x01122523,0x44252512,0x04090a44,0x47430909,0x8e0b4d90,0xa6a72690,0xc395e796,
0xd8c5fad6,0xaa192eac,0x1e1b17f0,0x0b0d181c,0x1d0c0c0d,0x1f411d0d,0x82d3411f,0x0a0505d3,0x1f201f06,0x200f0707,0xd3201f20,0x82e3d3d3,0xbad2e3d1,0xc0eeeeed,0xe6e1c1c0,0xacf2f3e6,
0x77777767,0xd4ecf078,0xecb2dae1,0xce7d7ced,0xabafb9b0,0x6ec97aad,0xca7fb95c,0x71c9797f,0x647ab156,0x566b5973,0xe2d5cab1,0x32337ccc,0x7e5bad6e,0xcab77fae,0x343c5b74,0x7d5d3755,
0x341b3235,0x38323a5a,0x38342d5b,0x5e362a61,0x565e5b59,0x6d73606d,0x566c363d,0x5b713c34,0x58cfd85d,0xb47d6833,0x63713237,0x2b292d2b,0x37322a33,0x379e2a2b,0xd89cb02d,0xca562b68,
0x2b59d8e2,0x2b4c3c7b,0x387e632d,0x336b9e56,0x7c7d7f9a,0x7bababb0,0x75767470,0x989cbb64,0x9b9ea0bb,0x7e98bdde,0xb3bbc0d8,0xbe9db39e,0xbcbbbf64,0xbebaccba,0x72769eb3,0xbfdcdc9e,
0xa2e6e6be,0xc6dce4e4,0x8da7c3e7,0x8aa795a7,0xa7e7e7e7,0x23e7f4e7,0x23232314,0x44122323,0x0a041544,0x122387e7,0x26464625,0x230c0a87,0x22220b11,0xa70987a7,0x8cc38795,0xa78ae796,
0xefe9e3d3,0x3f1d41c4,0x1e321381,0x050c1e2a,0x3b0c151d,0xdbfcd819,0xfffcf1d3,0x275253fd,0x0d18150b,0x1f0f0707,0xe320201f,0x82d3dbdb,0xd6d6f1e3,0xf2deeef0,0xd9d9eefb,0xacacc9d4,
0x78817878,0xe0e0f3c9,0xe0d4ace0,0x743dabe1,0x797d797c,0xaf69696c,0xab7fcd59,0xe2cc7c7d,0x627dafad,0x326ccdd0,0xe1e6bc5d,0x573d2bcb,0xbc6e5f56,0xb85e62bc,0xd4d53cb1,0xb16c2b34,
0xcf5b2db9,0x2d9cdddd,0x6f3d3537,0x7e645eab,0xd0cd6eb0,0xcab0bdcd,0x5b56565f,0x683c373c,0xafae7daf,0x6cb97c68,0xae9c5637,0x3355682d,0xb55b2d38,0xb5fab437,0x6c35b7bc,0xeaedb738,
0xcdede2ca,0x79c9cccc,0x38699c61,0x5c7bab5d,0x71344c79,0x9a9a7879,0xbd9ebdbf,0xbdb3b79a,0xc0d9ddd0,0x4fa076a3,0x98757675,0x63709e76,0x9e9ebe9e,0xbf9db3b3,0x60bebfdc,0xdce8e498,
0xe4c2e6dc,0xf7e8dcf5,0xc3c6f4e7,0x95c3e7e7,0xa7e7e7f4,0x95a7f7e7,0x23141223,0x47222525,0x8d2ea450,0xa795e7fe,0x26a7e7a7,0x23050a95,0x43a71509,0xa70987a7,0x88c6a7a7,0xe795e7c7,
0xfdd2d182,0x0d0e82c5,0x81190c3f,0x1c3b6719,0x0d0a0c19,0xdbf1da19,0xfbf2d6d1,0xe99f29f3,0x32a8c5e9,0x1f0f0707,0xd31f1f1f,0x82d382d3,0xd1cbf2d6,0xe3f0ecd1,0xc1e2edf0,0xfcf2e0d8,
0x777b5dd6,0xe1e0ee81,0xe0e0b2da,0xb0d8c97b,0xe0ddccc9,0x6b69b4d4,0x35583c33,0x7f7c7d55,0xe6dace7d,0x3c6ae0ee,0xe1d061af,0x3c372d68,0x336c6c6c,0x3559b97d,0x787d5c3c,0xaf68342a,
0xb46bb1b5,0x351b5fd9,0x7a74743e,0x363a333d,0x7fb05a70,0xb0cfce7f,0x3d356b3d,0xbd594c55,0x68331a71,0xcab49871,0x33696bb3,0x3a339c69,0xb1b42b59,0x56ae5c38,0x98582d57,0x69e6b95b,
0xaeb37c9c,0xede0da62,0x37352b7c,0xbb6b6157,0xca4c3cbf,0x755738ce,0xeeeff2d9,0xdf605e9a,0x5dcc3298,0x5bb25d2d,0xb25bb363,0xbcddd8cc,0xccd8cfbc,0x9d5d5d72,0xb39dbe9d,0xa2d7d7bf,
0xdcbec2c2,0xa3dcd7dd,0xe7c3e8dc,0xa7e7c6e7,0xa7c3f7f4,0xa787a7a7,0x14234695,0xf8eb9114,0x85a3faeb,0x959595f4,0x26e7f7a7,0x44050987,0x85a71522,0xc7214d89,0x4aeba795,0xc695f7f7,
0xf6e3d641,0x0e1dbba8,0x401d031d,0x0b0c5d67,0x0d0a0c0c,0xdbe3c92b,0xfcfdf3d1,0x302e18e1,0x82e9dd4e,0x1f0f070f,0x82411f1f,0x82d382d3,0x8081db82,0xc0b2f1e0,0xb7dbcfd0,0xe3ecd298,
0x556a5877,0xdae1eec9,0xda81dada,0x7b9999af,0xd4e1ddda,0xbcc9b5cc,0x689999ab,0x5c99bc78,0xabadac58,0xacb17d7a,0x585cafcc,0x2a2a33b5,0x3d68993c,0x3334d8b4,0x6fcad57d,0x71375555,
0x2d2d3267,0xad2d2d35,0xcdcaceb1,0x6e6db0bc,0x5e62b0bd,0x7ecd9c74,0x5771ae5a,0x69623d55,0x3d3d575b,0x6b7c9a7e,0x563d336b,0xae5e6338,0xcb796c7d,0x616879ab,0x577d5f7c,0x6c68b4af,
0xccb9749c,0x6a7b5c2a,0xe0af372a,0x7c346f7d,0xcc7b5768,0x7b996cb2,0x9aedbf5d,0xbc371a1b,0x997d3263,0xccd4b5cb,0xd8cfcccf,0xd4d8dad8,0xbad7cccb,0xbfb29dbf,0x9d72babf,0x8f656572,
0x9ddcba8f,0x939dd7c1,0xa791c0be,0xa7e79590,0xc3e7f4a7,0x958a95a7,0x1287a7e7,0xc2c42612,0xa28b5050,0x95a7a7f7,0x85a7f4a7,0x260b0c4d,0x858a1504,0xa70b8f8d,0x4588f78a,0xa7a7f4f7,
0xfdd1d382,0x0d3194ef,0x3f800d0f,0x0c0c299e,0x19050c0c,0xdbd18137,0xfbfbf1d6,0x5453756a,0x4154924e,0x0f0f070f,0xd3d3200f,0x80d6d3d3,0x7777d182,0xdea1dbc9,0xacc8b0b8,0x77e1e07b,
0x78ac7b81,0xece1ecd4,0xccafd4e1,0xd4ecd8ab,0xcbdadada,0xdad4d4d4,0xd4ab99da,0x9978b2c9,0xabb9996a,0x7daf7979,0x553cd5b9,0x3d3d5dab,0xac6c7979,0xb9b9aeaf,0x9ae2edda,0x5f4c5db2,
0x7f2d3234,0xdfd5d9d9,0xb05eb9b9,0x5fadd5d9,0x766d9cb9,0x7eb06d9c,0x7a6e68bd,0x613d6363,0x736d3d58,0x9a72619c,0x793d3662,0xcfb16e70,0xb599b0ab,0xdabc7fb7,0x7c7c75cf,0x5c564c79,
0x4c351b33,0xd45d6a2b,0x78c9e2da,0x9aaeabb5,0x999a6f9a,0xb47db9ae,0xd5c95ccf,0x9999321b,0xcbc9d4cb,0xd4cfd8da,0x99b5dacf,0xcfd8cbb5,0xccd8ddcf,0xe2d8bed7,0x9d9dbae2,0x8f9d9dbe,
0xbfdca28f,0xa3dcdc9e,0xc3c2c1d7,0xa7c38dc3,0xa7e7f4a7,0x95a7a7a7,0x1446a7e7,0x478b2512,0xe7c68e47,0xe7f4e7f4,0x4da7e7e7,0x110b0c47,0x954d8509,0x8d0bc3a7,0x8913248a,0xa795e7a9,
0xe5773f20,0x0737c4e9,0x4c4e480f,0x19192a31,0x19051540,0xe3fbc92a,0xfcfcf3f1,0xf0f3fefc,0x2067d9d4,0x0707070f,0x82d31f07,0x82e3d382,0xaa55d182,0xc1aec8c8,0xc9aa76b8,0xd6fce1c9,
0xaac9c8c8,0xe6cbd8b2,0x7cccd8e1,0xdadad8af,0xcbdadae1,0xcbc9c9af,0x9978b5d4,0xab6a99b5,0x79ca7dab,0xacac6878,0x2b58cac9,0x6b616b7b,0xaf553756,0xafad78ad,0x799ac9ac,0x34337ddd,
0xb1abce5d,0xcaaf7a7a,0xb76dabb1,0x797a696d,0x69a07ead,0x7f6d627e,0x6b6b56af,0x792a2d56,0x7c69336b,0xb7b06b6b,0xad71355f,0x7d797b9a,0x7cbdad7b,0xc9adafad,0xced4d8da,0x5c6f6fcc,
0x5d1b1b2a,0xdaaeb56a,0x7d68abda,0xcd78abe6,0x9a9b38ec,0xb45d6f5d,0x34786cce,0x68ab3c1b,0xccc9cfc9,0x9acfedd8,0x7899e1c9,0xd8ddbccb,0xbc9abcd8,0xdcbaccdd,0xa265bedd,0xb36fbed7,
0xbebe5d9d,0xa3be658f,0xa2a1b3ba,0xa7e78ea2,0xa7a7e7a7,0x878795a7,0x1487a7a7,0xa78a2312,0xf9f4a7e7,0xf7f7f7f7,0x26eefffc,0x87150c26,0x85261526,0x95244a47,0xe7908587,0x9595c3f4,
0xeed18041,0x0ed1f8eb,0x302eb31e,0x0504152e,0x1e0c0505,0xf1fce057,0xc1fffcf1,0xfefffdeb,0x201f2082,0x0f07070f,0x82821f07,0xd1dbd6d3,0xafd1d1d1,0xf3e1c9cd,0xaac8bcec,0xecf3dbc8,
0xacb2d2e0,0xece1dab2,0x99b2daed,0xe0d4dac9,0xaccbb2da,0xdaafafac,0x7b78ace6,0xaa7dd5d4,0x99c9cfb5,0xd4b5b1b5,0x3c78d4c9,0x57587979,0x7c373755,0x555b786a,0xbc9a69af,0x685cabce,
0x3d7dedb5,0x7d717e74,0xad9cabb5,0x797f7c7a,0x6e74b0ad,0x7a7f747e,0x6cae3b57,0x68625e3c,0x383c61ae,0x565b7c60,0xb6cf9e33,0x6d5d3c3c,0x7174b07c,0xcbaeb4cc,0xb4aeb5d4,0xe1d8bccf,
0x2d34326a,0x6aaeb9b5,0xe0b5b533,0x993837b1,0x70746bc9,0xbdab6a5d,0x37d5cdbd,0x6f635658,0xe1b17c6b,0xb2ccccd9,0x9999dae6,0xddbbb2bc,0xd7bfcfdd,0xdcbfbfd8,0xd7acdce6,0xbfbfd7ec,
0xc39d8fcc,0xa19d9d9d,0xc2c1a2be,0xe7f4c6e4,0xa7a7e5c3,0xa79595a7,0x1246a7a7,0x46252512,0xfcfafce7,0xf7f4c6ea,0x26e8fef7,0x020b2695,0x45050202,0x95c72413,0xf4e7e787,0x9595e7f7,
0xd3d6e3e3,0x1d82fffe,0x18191e32,0x05050c29,0x551a0b05,0xd3db80cc,0x5af5e3d1,0xc58c4951,0x201d0e40,0x0f07070f,0x82821f07,0x3fd3d6e3,0xccd6d680,0xded0e0e0,0xe0f0d5d0,0xc8c881c8,
0xac7b78aa,0xe1eec967,0xacacdaec,0xd4c9ddce,0xc9e0d4da,0xd8b26aac,0xb579cfe1,0x997dcdd5,0xb5ceafaf,0xc9b279c9,0x34abc9ac,0x337b6832,0xb53b3434,0xac387d7d,0xbc6c5cca,0x4c6c787b,
0x5969bd58,0xad9e9aca,0xb95f6e7d,0x3d69b7bd,0x746b5c5f,0x5659757e,0x7c7d3d71,0x7c716b56,0x4c343c58,0x9b2d5770,0x7c567c9b,0x9cb65c55,0x755a6b9c,0xceb8d0bd,0x6b6878d4,0xda999aab,
0x34346098,0x4c37ab99,0xb5abe09e,0x6a715bb1,0x7eaeafc9,0xbddacabd,0x57b5dad9,0x4c37342b,0x6a7b6f38,0xcc9a4cae,0xafabbbcc,0xd7d8bc99,0xcf9a9dd7,0xd7dcd8dc,0xac32c9dc,0x9da2dce6,
0x4b8f8f9d,0xa5b2d7ba,0xc3c2c2c2,0xe7f7c6c3,0x95a7c3c3,0x958a95a7,0x1246a795,0x25234423,0xc4c2a690,0xf4f4c630,0x47e7f7f4,0x040926f4,0x87442209,0x8d858787,0xf7a7a795,0x9595a7a7,
0xe3d6d1d1,0x0780e0f0,0x1e3f180d,0x0d1d3f1e,0x190a0c0e,0xfbfbecaf,0xf3fefcfb,0xa6e9f6fc,0x1f0e0f3f,0x0707030f,0x82821f07,0x8082d3db,0xe0dbd180,0xecd7b3dd,0xe1c9b8e0,0xd27780db,
0xace0aaaa,0xecf2d440,0xb57bc9d4,0xd8cb7bb2,0xacdacfcb,0xb2acaa78,0x99abb5ab,0x78afd0c9,0xafaf997b,0xdada6ab2,0x2bb2b57a,0x2d6a582d,0xca37345d,0x68323479,0x7db42d7c,0x343b5858,
0xcbcece6a,0xabab5f7d,0x7c6c566a,0x3e7e9b98,0x9c767a68,0x6d9c7e75,0x9ab06e6d,0x3d3a5f79,0x745c3234,0xce5b4c5e,0x997d5fbd,0xcab1715b,0xbd9c5e6e,0xae4cbcb7,0x9a78acca,0xad6b5bbd,
0x55333598,0x6b5c4c6a,0xcdbccfb1,0xaeadad9a,0x6b78b2d4,0xbdd9d9ca,0x7e6cac7b,0x385d3438,0x38ae343d,0xbab54c3c,0xabafae6f,0xddabbab2,0xdcccbfdf,0xdcbaccbf,0xbababebe,0x9d9de4d7,
0x8f8f4bbe,0xa3be9d4b,0xe7c2dcbe,0xe7c7a3e7,0xa790a2c3,0x8a8795a7,0x1246a795,0x25122325,0xf9efeba2,0xfafcfcf9,0x26fcfefe,0x25050547,0x87878725,0x85432644,0xf4f44744,0x8aa795a7,
0xfcd380d3,0x0ed13be3,0x401b0c07,0x191e6a40,0x190a0c20,0xf3fb7719,0xd8fffbf2,0xf6fcf0ee,0x0f0f070e,0x1f0f070e,0x8282201f,0x8082d3d6,0xbfdbd680,0xf3f0d6d7,0xe0f0bfe0,0xd2aa77e0,
0xb2e0e0cb,0xeed4d255,0x7bccc9da,0xafccaccb,0xb299e0c9,0x99abb2b2,0xab5d6ab5,0x717accd4,0x996c3768,0x7dc9afb5,0x3ccfc97c,0x79559934,0x587137af,0xaf682b1b,0x7bb52d71,0xb15b6a6a,
0xafdae2e1,0xdaabbdb1,0x617d78ce,0x6974717e,0xb76b74b6,0x626269b9,0x74626369,0x6b7e7c74,0x38797c61,0x3d627438,0xcdcdceb1,0x7d687aad,0xb9cabbb9,0xaeb0cacd,0x9cb0abad,0x57556171,
0x5d373c6c,0x3dab9cdd,0x9aadbd6c,0xae7a6d74,0x9ecfd8cc,0x5db1d9b5,0x6a5d7c4c,0x3a633237,0x6bcc345d,0xbfba6338,0xd8cf6c5b,0xe6babab5,0xc2b5cfd8,0xdcdcbfdd,0xbad7d7be,0xbfdce6dc,
0x8f4c8fd7,0x9d8f4c8f,0xc4e5c3c2,0xe7f4a3e5,0x9585c3c3,0x95959595,0x122595a7,0x23121414,0xf5e4e887,0xfcfdf4e8,0x26f7f7fa,0x230b1585,0x8d222287,0x26224487,0xa7c60b23,0x95e7a7a7,
0xd6d18282,0x20d19dec,0x1d190d0e,0x191e9e0e,0x1e0c0c20,0xd4f0d619,0x9afef0ec,0xf6daaadd,0x1f0e0f1d,0x1f1f1f1f,0x4182201f,0xd182d382,0xaad6dbd1,0xd0bdd2c8,0xf3f1d8cc,0xaa8181f0,
0xaad2aa67,0xcb676778,0xcfdac9e1,0xccb2c9cc,0x7bb299da,0x687bb5aa,0x6c99b2ac,0x6eadcece,0x7d6a37b0,0x576f587d,0x6cd47978,0x993cb568,0x7bab6a5c,0x797d7158,0x79796b7c,0xd9cc796c,
0x7dced5d5,0xd5dadadf,0x71ad71b0,0x5e9c747e,0x6d9eb15a,0x56334cad,0xa0767564,0x56616e7e,0x385bae5c,0xb65e593a,0xdf9c9cad,0xce563661,0x5879cece,0x749ebd7e,0x566174d0,0x6a57335c,
0xb75b6b68,0x3a356cb1,0xb9687d37,0xca7c7ed5,0xb4e2e2b4,0x3c58ae9a,0x7b997b35,0x72dd987c,0xaedd6a4c,0x7bbc9a34,0xd8ccbf6f,0xb5b2bfba,0xdcbcbed8,0xdcdcbfdc,0xbfccd7be,0xbee1e4c2,
0x4b55a2be,0xa25d4c8f,0xa6dcc3be,0xe7e4dcc2,0x9595a7c6,0xa7958795,0x12879595,0x23142325,0xeb50a746,0xfcfcc6e8,0x4df7f7f7,0x230b0ca7,0x24221109,0x46114626,0xa78d2223,0x95e7c3a7,
0xd1d38241,0x20d6a3d6,0x1d1e0607,0x011d1e07,0x1e0c1806,0xf2f1e31e,0xb7fce1fc,0xe5e1ddcc,0x1f0e0f0e,0x0f0f0f0e,0x41411f0f,0x80418282,0xd1aad1d1,0xe0d4c8d6,0xe3f0e3d6,0xc8e0fbf3,
0xaa817777,0x78787878,0xceaccbe0,0xcb7b99c9,0xacb5c9ec,0x7b3bafc9,0x6c99687b,0xab7d6a68,0x6c57556e,0x587b5578,0xb56a3b55,0x556a7957,0xb9b5af78,0x597c375d,0x68795538,0x746d6d3d,
0xe1d9d5b9,0x6cb1cab9,0xccb56c6e,0x74b6a0b7,0x739c715e,0x5a7eae75,0x565b7a7e,0x68612b61,0x64617171,0x62745a60,0xcc623a57,0xced9b46c,0x5dafce71,0x6e569a9c,0x385b7176,0x79613e38,
0xadb09aad,0x74563c55,0xca6f757d,0xb9d8d5d5,0x5c74d0d8,0x7168abab,0x7cb3cdd0,0x65563cb5,0x57cbbc38,0xcc985d37,0xcf99b49e,0xcfbc6fb2,0xd7cbd8d8,0xd7bed7d7,0x9dbaccbf,0x72dcd7a2,
0x8f8f8fa2,0x8b8f8fa2,0xc596e8a3,0xa7e7c6de,0x959595a7,0x95878795,0x2395e7a7,0x14121425,0xa3a39714,0xf7fcc6a3,0x90fcfcfc,0x44050ca7,0x43e72608,0x8a118a0b,0xa7f42523,0x95959595,
0x3f828241,0x1fd39dd1,0x551d0303,0x0d181f0e,0x1e0c181d,0xe0f1d21e,0xc0fefaee,0xa4e1d0ab,0x1d1f0f0e,0x0707070e,0x41821f0f,0x40414141,0xaa678080,0xd6cbd2c8,0xd4f0d0e0,0x81f2f2e0,
0xaaaaaa78,0x7bcbaa78,0xccccdad4,0xb59978cb,0xddd4eded,0xd84c99da,0xb29999af,0xc96a58b5,0xca6d6868,0xafacacc9,0xb67d575c,0xadcaae61,0xab557b6f,0x389a3c3c,0x3c37384c,0x626d5956,
0xe2caceb9,0x2d5fb1b6,0x9ad5ab6a,0x76627e9c,0x7462627e,0x766b6b7e,0x3d3ebdb8,0x61615b6b,0x747aaebd,0x639a6d9b,0xb1707e60,0x9aaeaf6c,0x7a9aab6b,0x7e5968b0,0x5b5b7474,0x5f7cb364,
0xd0b47fb1,0x5569b7b0,0x6a6a9a55,0x79daf29a,0x5b5d5f7f,0xbd71617c,0x6c7bab79,0x6b7d727c,0x2babccb4,0x9abb6f2d,0xcfb57b55,0xd8b27b6f,0xbed7dccb,0xbebed7dd,0x9ddcdcba,0x72dcdc9d,
0x8f8f8f8f,0xa1728fa2,0xa5a5dca3,0xa7e4e4c2,0x8a8a958a,0x8a878795,0x2595e795,0x25252525,0x918b8d25,0xf7fcf7a2,0x47f7fcf9,0x87091590,0x43472226,0x95219016,0xf4c72325,0x87872595,
0x2041413f,0x1f3f6040,0x770e0303,0x191a1d7b,0x190c0c20,0xd4f1d219,0xb4fdf3e2,0xa5e69f98,0x1f1f0f1d,0x0f070f1f,0x4141411f,0x403f8241,0x80774040,0xdbd1c880,0xc9dbcff0,0xc8f2f0d4,
0x78c8aaaa,0x7b787878,0xd4d4676a,0xbdcc99b2,0xdacbcce1,0xb26fcfe1,0xda7978ac,0x7878abd4,0xe2b4b567,0xab78b5d4,0x697e5c3d,0xd5b9add5,0x557dab78,0x99b53433,0x716e5961,0x5bbc5668,
0xe2b1ca7f,0x799c7fd5,0xbdd0bcab,0xb0b09b9c,0x7e7e603d,0x6d3d619c,0x585f71ae,0x34689a5c,0x3e5fad56,0xa09a6b56,0x7c606da0,0x7e79584c,0x71abbcbd,0x606d7698,0x5f3a6073,0xb67ecdb1,
0xd9adb4cd,0x5d61aed9,0xb02a4c57,0xababf2ce,0x5d6fafbc,0xd8cd7e9a,0x6a615655,0x6cdacc6f,0x1b6f78ab,0xb36a7272,0xb5b24c57,0xbeccbcbc,0xd7bcddcc,0xd7bee4dd,0x72dcbf9d,0x9ddcba72,
0xa28f9d8f,0x659d9d8f,0xc3e4e4dc,0x95c3a7a7,0x87879587,0x9587468a,0x46879595,0x25444646,0xc58b9546,0xf7f7a7e4,0x26f7f7f9,0x4d151590,0x8709154d,0xa7218715,0xc6a91223,0x878795c3,
0x4120201d,0x071e1e20,0x401d0603,0x06061d5d,0x1e19181d,0xf1e3d61b,0xc9feedfb,0x93d0519e,0x1f1f070e,0x200f2020,0x41204182,0x3f408241,0x82403f3f,0xd1d6d280,0xd4c0e0f0,0xc8dbd2db,
0x78c8817b,0x78677867,0xac818155,0xac7b78aa,0xb5cbe1da,0xcfcbe1cf,0xd4b56acb,0xacc9b5b5,0xccb2af99,0x6eababcf,0x6c7daf58,0xabcecaec,0x556ace67,0x7b6f2b2d,0x7dca6d38,0x5ebd7a6c,
0xe2b1b97a,0xd07a7fd0,0xb0bcd0cd,0xb0b0b77f,0x5e56617e,0x3e616b3d,0x6a717362,0x4c375961,0x74596e5b,0x4c553732,0x5b56625f,0xad6a5858,0x5c79cdbd,0x60599c61,0x5b637e69,0xaebdbd6d,
0xdfd9e2d0,0x6b7e9ad5,0xb49a7179,0x7d57bccc,0x33375cae,0xb5aeb25d,0x7c615c37,0xb5e1ccbd,0x3499e6d5,0x726a577c,0xb2dc6a37,0xe1bab5cf,0xdcbfd7bf,0x9de6e6e4,0x65bed7cc,0x728f9d8f,
0xa28f8fa2,0x7572be8f,0xa3e4e4c2,0x95a7c3a7,0x87879587,0x8a46468a,0x25878a95,0x25252525,0xa98bc346,0xf4f78da2,0x4df7c7f4,0x4d0b15c3,0x87091590,0xc30b8a26,0x95974444,0x878795a7,
0x1d0e0e06,0x030e0e1d,0x3f1d0d03,0x401e2b3b,0x190c181e,0xe3f1d219,0xbffdeefa,0x53c052a1,0x1f0e070e,0x200f1f1f,0x41202041,0x403f413f,0x80774040,0xc8d6d6d2,0xd6e0dbdb,0xc881d2e0,
0x677781aa,0xaaaaaa78,0x6aaa786a,0xaaaa9999,0xd4e0f2ec,0xdae0dadd,0xd4d8b2dd,0xd47d99b5,0x99b2b2b2,0x717fcccc,0x7ab57135,0xbccee2b5,0x6a99d457,0x6a34374c,0xabcaad58,0xb5b57b57,
0xddceabaf,0xd5b06c7d,0x9edfbdb9,0x7e7ead7c,0x5957375b,0x6b61633d,0x4c3c565b,0x713c7174,0x5c6b5675,0x323c6a69,0x3362623d,0xad78ab6d,0x7f7caea0,0x5a393d71,0x9a9c7f3d,0xcad5caaf,
0xe2ddd0ce,0x9ab7adda,0xbc575b57,0x6a2b58cd,0xab9a5d68,0x7958b76a,0xad9a7b9c,0xd8e1aeb4,0x3c6fc9cf,0xbaab4c3c,0xaf7b7b6a,0xdfd8b2ae,0xd7d8d7be,0xbfe4e1dc,0xd7be72dc,0x728f8f8f,
0xa28f8fa2,0xa39d9dc3,0xa4c2e4dd,0x95a7a7a2,0x8787878a,0x46252587,0x258a8a87,0x23232323,0xde8f4d23,0xf7fca78f,0x43f4f4c7,0x872226a7,0x87220922,0x950b958a,0xa7c69546,0x46254695,
0x0e06070e,0x0307060d,0x200e0603,0x1e0c4080,0x19190c19,0xe0fbd918,0xa1feedf3,0x9f5330b7,0x0e0f070e,0x200f1f1f,0x20202041,0x803f1d20,0xd1814080,0x7bd2dbd1,0xe0e0d2d2,0x81d1d6e3,
0x5581c855,0x6778aa78,0x67786767,0x99e6aa79,0x77e1f3da,0xe1e65577,0xcbc9e1f2,0xd4ab99da,0x7bafab81,0x566cd4c9,0x68997968,0xaad4e07d,0x7bc9d467,0x3c332b32,0x6cb1ce78,0xcbdaaf56,
0xe6d4ae6c,0xced57fbc,0x9cd0b7bd,0xb7986b3e,0x9c5d686e,0x695c5b9a,0x5b5b5e5b,0x5d3c5c6b,0x333457b3,0x3b6c6956,0x2b563533,0xae58575c,0x5f6e6c9c,0x5b606074,0xd57e7e69,0xcaceceb9,
0xdfede1ce,0x99b49acf,0xae726a58,0x68ae68ac,0x5d9a5558,0x7c71797d,0x7dae996a,0xd8d9b1b0,0x617b57ac,0x37b2bc57,0x9a5d7c7b,0xdfbcb5cc,0xedd7e4d7,0xdcd8dce4,0xa2d765e4,0x9d8f9d9d,
0xa28f8fba,0xa3dcd7be,0xc2dcdca3,0x95a7a7a2,0x46468787,0x46252587,0x258a8a46,0x12121225,0xa6504312,0xf7fc8dc3,0x17dec7a9,0x900b22a7,0x95110b22,0x8a158787,0xa7a78725,0x2523258a,
0x07030e0e,0x0703060e,0x1f070603,0x0c0c413f,0x1e191a1e,0xecfbea2e,0x66fdeaf2,0xb25327c0,0x1f200e0e,0x411f1d20,0x3f204182,0x80404120,0x80814080,0xc8d1d1d1,0xd7f0dbdb,0xdb81d6e0,
0x78aac878,0x3c678178,0x787b7881,0xcbdac9c8,0x77eef2e0,0xf2ecac67,0xdadae1ee,0xd4d4dad4,0x78c9acd4,0x342a6868,0x6ab5786a,0xe1e07b68,0x3279ecac,0x5c4c2b32,0x6aabac68,0xb0cd7968,
0xe6e2dab9,0xb9edefd0,0xbdb0aeb0,0x68796c5f,0xb169b96c,0x6b615bae,0x5b3c5e5e,0x9e715b56,0x566a7971,0x575d3735,0x566b3e56,0x5c323761,0xca6e3855,0x5b3c6bb4,0xd9bd9cbd,0xcddfdfd5,
0xd0cde1df,0xcfdfb063,0x7dd5ab55,0xcccc5855,0x6c3437ab,0x6a7b78b5,0xb7b4573c,0xe1e19ab7,0xcc3c99b5,0x3c32b47b,0xcc6a5899,0xb2b2b2b5,0xeeeee1ba,0xd79dcce2,0x8fa28fe4,0x9dbe9d65,
0xd7a2a2a2,0xa3c2e4e0,0xc3dce4a4,0x9595a7a7,0x2546878a,0x87252546,0x87958a87,0x12122387,0x91309712,0xf9fc8d97,0x26f4c7c7,0x900b2290,0xa7264d8a,0x1222878a,0x958a8712,0x2312258a,
0x0e060606,0x03030d1d,0x1f030603,0x1e1a821d,0x1d0c1a3f,0xe6fbde18,0xa1faedee,0xc976539a,0x0f1f0e0e,0x4141411f,0x3f204182,0x403f2041,0x80804040,0xd6d18080,0xd6e3d2d2,0xf0d2d6e1,
0xc9aa81d6,0x55787777,0xaaaa6777,0xb2cbb5ac,0xece1d4c9,0xecfaeed2,0x9978cfe1,0xe0b5b5d4,0x78c978da,0x55343537,0x787b687d,0xe2acacc9,0x3c3cdae0,0x55afd57d,0x79786a3d,0x7a9c7f79,
0xcccab9ce,0x5657c9ce,0xdfedd5d0,0x555668b1,0x6856abb1,0x575c9aab,0x5b38355e,0x5c6b715c,0x4c6b9855,0x996a4c33,0x3433356a,0x323db458,0x341b3533,0xb860587a,0xcad9769b,0xcdcdd9a0,
0xb7ced0d0,0xace2bdb4,0x787d5558,0x99b59968,0x3c5761b5,0x7b78ac7b,0x9c636355,0xe1d4bcb0,0x6f67583c,0x5d3457ba,0x99cfdd6f,0xcccfccab,0xede6ccd7,0x8fbae6e6,0x4b8f65dc,0x8f9d8f4b,
0x9dd7e48f,0xe17291c2,0xa7e7e4dc,0x9595958d,0x25468a95,0x8a462325,0x46879595,0x12232325,0x8b85e523,0xf7fd8597,0x26e7f4a7,0x9016264d,0x8522224d,0x1211878a,0x958a8712,0x12121287,
0x03030606,0x00030606,0x0f030300,0x1e0c0e0e,0x1e1e1a3f,0xd4fbec18,0xc0fdfae6,0xb2a39fac,0x1f0e0706,0x82414120,0x80412082,0x3f3f3f41,0x8080403f,0xd6c88040,0xc8c8c8c8,0xd2d6dbd2,
0xc9db81d6,0x6778acb2,0xaa777878,0xe0b5c9b2,0xd481c8e6,0xb2d6e1c9,0xb5b5cbe1,0xb5d8e0b2,0x3daf6a78,0xafb57a6e,0xcb7878b4,0x7b78b9f2,0x553cafda,0x6878afad,0x797d6868,0xb1b1afca,
0xafabae9a,0x4c377aca,0xb9b1b9df,0x59386baf,0x7c6c71b0,0x566a5d99,0x5b5b3d6b,0x71635d3c,0x68563a56,0x6c686a5c,0x2a322b5c,0x38376a3b,0x56292d3d,0x7eb6a059,0xd5d5dfb8,0xca9ad5d9,
0xc9d5cdda,0x3c2d57cc,0xb5e07b58,0x58575568,0x7d6f7d6f,0x78da7d68,0x5b6b3458,0xf3acd8d8,0xbccf55b5,0xbfb05d98,0xccd8cfb0,0xdfddbcab,0xede2d7e6,0xbebeede1,0x8f9dbac2,0x8fa2be8f,
0xd7c2a28f,0xc2dce1e4,0xc3c6e4a3,0x959095a7,0x23468a8a,0x46252323,0x2325878a,0x12121214,0xa98b9712,0xf4fca797,0x43e8f4a7,0x9516474d,0x8522474d,0x4411468a,0x8a871212,0x23461444,
0x03030606,0x00030303,0x0f030000,0x0d061f1d,0x19191b1d,0xd4f1e01a,0xdefff3d4,0x3192a1d4,0x410e0706,0x41824141,0xd1d3d3d3,0x3f408241,0x773f3f1e,0xc8808081,0xc86f78d2,0x81c8d2c8,
0xdbe3c8c8,0xc881aaaa,0x7878accb,0xf2e0cbd2,0xcbaac8e0,0xd468c9da,0xe1d8dae1,0xececede0,0xb6dae2cc,0xabb5ccca,0xdd68587b,0xb97dabda,0x2baaf3e6,0xafda5537,0x746ec9d5,0xcabdb1b0,
0x6856adb4,0xe2997db1,0xcab9ceda,0x7157aeca,0xb47f567a,0x7c7b79b4,0x68615758,0xae696b5b,0xca7a6d7c,0x6d71b1b1,0xae6b5d3d,0x9c58325b,0x6d603769,0x625e9ba0,0xceceefdf,0xb9adced9,
0x7db4b7d5,0x382d68ce,0x55fab56a,0x7b6b7d55,0x613cb5ac,0xacd5c9ab,0x9c5f7c7d,0xdaafb5ad,0xccdfbcf2,0xb4b472ab,0xbae19d98,0xdccfd799,0xdde1dcd7,0x8fdcedbe,0xa2bebad7,0xc3e4e89d,
0xdcc3a2a2,0x8ba2d7c3,0x8fa2dc91,0x8a8a9590,0x25464687,0x25232325,0x14141225,0x12121223,0x548b8512,0xf7fcf497,0x47e7e7a9,0x95134747,0x8a26268a,0x87224444,0x25251212,0x23462323,
0x01030306,0x00030303,0x07030000,0x1d0d0e07,0x190d1920,0xd8fbe018,0x98fdf2db,0x5391a1bb,0x1d0e070d,0x41412041,0xd1dbe3e3,0x40808241,0x803f3f3f,0x403f80d1,0xc8677780,0xaa7777c8,
0xd6d278aa,0x817778aa,0xaaacc8aa,0xe0ecd4c9,0x6ae0e6d6,0xd8b5ab57,0xe6dae1da,0xedeee1da,0x7bdadae1,0xd4cbb5ac,0xc9b97bc9,0x586c687b,0x7bdaf2b5,0x7b79b97b,0x6137c978,0xcadfb9b6,
0x616b9cd9,0xd56a615b,0x7dc9d5da,0x74af716b,0x7fb46d62,0xd0bdb0b0,0xbd7c6c5c,0x7d55566b,0x687dcecf,0x6a63cac9,0x7b589a7c,0x9a9c5d7c,0x5b76565c,0xca3d7e5e,0x6ccaedea,0xb6dfd5d9,
0xbdcd567a,0x68ccede2,0x79b47bb2,0xb7abae6c,0x9cb7cf79,0x6878cfdd,0xdfd0bcbd,0x7cd0ccbd,0x7bdff2ed,0xb2bbd89a,0x5dd8b2d7,0xe2dfdf98,0xe4e1dce4,0x8fdcdcdc,0x8f659d8f,0xc3c2bea2,
0xbea2c3be,0x8f8f4d8f,0x474da2c3,0x878a8a8a,0x46464646,0x23232346,0x23121212,0x12122325,0x89858512,0xf7fcc797,0x43e7f7f9,0x90244747,0x46112287,0x12114444,0x23231212,0x12121212,
0x03030606,0x00010001,0x03000000,0x0d0d0f03,0x0d0d191d,0xcff1ec18,0x3bf6eee3,0xbf91b89e,0x0e0e070e,0x201f1f1d,0xd3e3dbd3,0x80d14120,0x3f403f3f,0x81773f3f,0x77778081,0x7881c881,
0xdbc8c8d2,0xc9aad2aa,0xecb5c9c9,0xd4f2eccb,0x3755e0cb,0xb2da786a,0xe0e6e1b2,0xd4dae1dd,0x7bc97bac,0xec79d4aa,0x6ada7be1,0x6a7b6c68,0xfaedd47d,0xb46ce2fa,0x9a6cd4c9,0xd5ceb9d5,
0x99b17dce,0xae9c5c32,0xab6aaf69,0x9cdaceab,0xb9afb9b0,0xede2bdd5,0x5f3d56ae,0xaf7c6b61,0x57b2ede2,0x7b996b5b,0x37786fae,0x7e3cb574,0x6b3c5e9b,0xcdd9ce70,0xb6b9afce,0x7e9cd5df,
0xd9dfb07e,0x376adada,0x32325855,0xb37c6855,0xb9d0b43c,0x6f6aabd8,0xb4cceee6,0x61cd697c,0xeddaf3d8,0xdddfdddd,0x9ddde2ed,0xead8e6dd,0xd7dcdde2,0x72bee6e1,0xa2a2be8f,0xe48fa2be,
0x8fc2e8ee,0xa7a7a290,0x4d4d4d90,0x87878746,0x46464646,0x25252546,0x25252314,0x12121214,0xa38da923,0xf7faa997,0x47f4c6f9,0x87224747,0x46091126,0x00124644,0x25231412,0x12121212,
0x0106185d,0x00000000,0x03000000,0x0d0d0703,0x0d0d0d0e,0xc9f1d619,0x3fe3e1d2,0xdfc076bb,0x0707070e,0x410e0e0e,0x4082d3d3,0x80d18220,0x3f403f40,0x40403f3f,0xc8403f80,0x81778177,
0x7878acd2,0xcbc9d278,0xecdacbd4,0xe6d4b5ac,0xb27baad4,0xe0e1aad8,0xc9e0b2b2,0xd4786fac,0xecacaed8,0xd4daac7b,0x78d4daed,0xccafab5c,0xf2ecb5cc,0xcee2cae1,0xdad5e1ca,0xb6cabde2,
0x7c7d68df,0x6b7e343d,0x795d3833,0xceccccab,0xceb9daac,0xecdae1e1,0x7c5b387b,0x6a5f6c71,0x3dbcb1cc,0xcab4ad38,0x7e58b5ab,0xad5d7bb9,0x9a7d5c9c,0xb9d0d569,0xadca7fad,0xb06e6eb1,
0xdaab69b8,0x5868dadf,0x3c375c37,0xb758686a,0xcc6c5c7e,0xdde1dada,0xd0d5d999,0x569a98d9,0xe6f3fcbb,0xdde6c9df,0xdcdfd8d8,0xede6e6dd,0x9de5e6df,0x729de4bf,0xbee4e472,0xf5eec2be,
0xa2e6eee8,0x908adca2,0x874b4b90,0x46468746,0x46464625,0x25254646,0x25462346,0x12121223,0xa4a2c723,0xf4fba997,0x43f4e7f4,0x44224743,0x25111146,0x01122525,0x12231201,0x12121212,
0x0d1b4cff,0x00000000,0x00000000,0x06060303,0x0d0d0d0e,0xd2d68019,0x40e3db81,0xd0ccbe98,0x0e07070e,0x8241201d,0x203f8282,0x8080d382,0x3f408080,0x3f3f3f1e,0x403f4040,0x77817777,
0xdb5578aa,0xc9aa67aa,0xd2d6dac9,0xcbe0d481,0xd4daaa78,0xd8c9ace0,0x7be0abb2,0x99b56a58,0xeddab5b5,0xd4cc78ac,0xd9ecf2da,0xda6858af,0xe0edd5da,0xabb199cb,0xc9cacab1,0x7fcab9e1,
0xae346ae2,0xabb42934,0xb1616c68,0xcae2ede1,0xda9c6bb5,0xd47d7dd5,0xd9bd7fcc,0x61385bb6,0xaf6a32b6,0xb561683c,0x7c6a7878,0xbcca7bab,0x7d7bbcca,0xcdd06935,0xb6cad5ca,0x5f596b7e,
0x696e6e5f,0x68ceeeda,0x7b685d68,0x76323c6a,0xe199ac7f,0x556a7b78,0xcc9acab2,0xb06c57cc,0xd0f3d857,0xedd76563,0xedd0e5ed,0xe6f2eefa,0xdef3e6dc,0xbedceedc,0xece6be9d,0xf5eeede1,
0xa2bee4e4,0x8a87a2a2,0x468a908f,0x46464646,0x46464646,0x23254646,0x25234646,0x14232323,0x548da923,0xf4f7a7a7,0x47e7f4f4,0x44222622,0x12142287,0x12121212,0x12120100,0x12120101,
0x1d0decff,0x0000001d,0x00000000,0x06030300,0x1d0d0d0f,0x4082401d,0x67f1d680,0xe1b2d278,0x0e0e0e1d,0x4182411d,0x3f204141,0x8080d382,0x3f3f4080,0x1e1e3f1e,0x3f3f3f40,0x77c84040,
0xe378c881,0xe1f2dbfb,0xc8d2f2fd,0x78cbac78,0xba787767,0xececc9b2,0x99c9d4d8,0xc9cbccb2,0xcedaac68,0xd4e2e2e0,0xf2ace1ed,0xece1eced,0x687badc9,0xdfb1b9cc,0xcfaf6eb1,0xcad0ced4,
0x342a5ced,0x79371b1b,0x5d7b6e6b,0x9ccaec68,0xece2b1d5,0xe1ddd9e2,0x9c7ce6df,0x3c6b3c7f,0xaf6a3437,0xaeccd9e2,0x7bc9cbb4,0xcdcc7f6b,0x3d2d9acd,0xd0d97e34,0x7fcedfdf,0x61323d7e,
0x7fb7b4b7,0x58dde1ac,0xb568b278,0x5d557b79,0xb5ddbcb0,0x78995c6c,0xbcab78b2,0x383d589a,0xe2bcb237,0xd79d5763,0xedf2eaee,0xeefaf2f3,0xa2c2c2e6,0xa29dd7d7,0xc2eebe8f,0xe4bed7a2,
0xbea2a2c3,0xa74dc3be,0x46464d8f,0x46444646,0x46464646,0x25468746,0x23254625,0x23232312,0x978da744,0xe7faa7a7,0x44e7e7e7,0x87224423,0x12122222,0x01121212,0x01010100,0x46120101,
0x0d1dfafc,0x00000706,0x00000000,0x07030300,0x1d0d0e07,0x3f413f19,0x78f0d280,0xeeabcb78,0x0f201d1d,0x200f200e,0x803f413f,0xd68082d1,0x408080d1,0x1e1d1e3f,0x80803f1e,0x81817781,
0xf17781c8,0xfcec40fb,0x77dbf2fb,0x99baaa78,0xe07b3b55,0xe1cbcbc9,0xd499b5d4,0xc9aa99e0,0xf2ccc999,0xb2cfcae2,0xab67f3f2,0xafeef3f2,0x3c78ac7a,0xabc9b16a,0xe2b9d5b9,0xe1dfe2f2,
0x57ab37da,0xe2717c3c,0x37556fcc,0xdab16132,0xb6dfe1ed,0xd5e1b9b1,0x715db4cd,0x68bb616b,0xae9c7a57,0xb7afd4cc,0xcfe1e2d5,0x72ceb5bc,0x66667556,0xb1d9cd7e,0x9a7cb1d5,0xb0564cb5,
0x5b3361d0,0x78d4996f,0x5c6a5857,0xbcb2b278,0xac6fbdaf,0xb4bb7ccd,0xb0cdafb5,0x6b2b3c74,0xcb6aeedd,0xd8d8dde2,0xe6ede2e1,0xe6f2eee6,0x4ca2bee4,0x8fa2e6d7,0xc2a2c2a2,0xbedcc3d7,
0xbe8fa2a2,0xa2a7a2d7,0x4646908f,0x87464687,0x87878787,0x878a8746,0x25122325,0x14141212,0xa9a7a744,0xe7fca7c6,0x44a7e7a7,0x46264444,0x12121211,0x00010112,0x01010000,0xf6901201,
0x77f0fefc,0x0003060d,0x00000000,0x07030000,0x0d0d0e0e,0x3f413f19,0x78f3d680,0xee6f7855,0x070e0e1d,0x201f0e0e,0x823f2020,0xe33f1d3f,0x4080d1d1,0x1e3f3f3f,0x80403f1e,0x81c881d6,
0xe3d67777,0xf1e3dbf0,0xdbe3dbe3,0x67777778,0xe3c86f55,0xb2b2ecd4,0xb2ae787b,0x7bab6a6f,0xe2c97db1,0x58cbc9ed,0xd5cffaca,0x3399ecee,0x3c37683c,0xafe1ed7c,0xedceeedf,0xe0e2f2f3,
0xcef2afcf,0x1b336e55,0xccd56a9a,0xe27156ae,0xb9cdd5ed,0xe2ca7aae,0x565d6db8,0xabb45b38,0x6c61717c,0xccbd4c99,0xca6fafb1,0xa0d9cecc,0x764f5fad,0xcaaf337e,0xdf6133b1,0xb7b0bddf,
0xe27a635b,0xb5e678ac,0x7c574c6c,0xbde1dab5,0xaebb68c9,0xaecaddad,0x6f6cb7af,0xd8986335,0x5d65ccee,0xd9eaf39e,0xede8ddf3,0xe6eee6ec,0xc2e8ede1,0x9dbed772,0xe1c2a2a2,0xa2dca2be,
0xa2908f8f,0xc3c3a2be,0x87874da2,0x8a874446,0x8a8a8a8a,0x87958a8a,0x23122546,0x12121225,0xc7c3f425,0xe7fca9a9,0x44c3c3a7,0x23224487,0x12121214,0x00000012,0x12000000,0xffa78725,
0xfffbfdfe,0x03030e19,0x00000000,0x07030000,0x0d060606,0xd3413f0d,0x81fbd6e3,0xda9d7740,0x0706070e,0x0e0f0e0e,0x201d1d1d,0xe3d13f1d,0x4080d6db,0x3f408080,0x403f1e1d,0xd2c8db81,
0xc9e0d6d6,0xe0f2f2e3,0xd6f2f3ee,0x78ac77ac,0x7881aa67,0xb2cbdae0,0x78995867,0xaccc7858,0xcbcb7bb2,0x9a79c9e1,0xf2f3f2e1,0x587bd8ed,0x78683737,0x7d99cbac,0xecabe17d,0xdae6cadf,
0x4ce1d0af,0x331b1b19,0xeced7c1a,0xe1ceb1f2,0x7ab7bde2,0xcab0bddd,0xb7b7b97e,0x6b9a619a,0x5b6f6f9a,0x6a6aaeae,0x79563c5c,0xcdd9dfbf,0xb32b3ebd,0xbde5cdbd,0xae7a1a35,0x372b5c9a,
0xe65b5b5d,0x3b576ae0,0xb53b5567,0xb5cacce0,0x7e6cb9e1,0xb7b9d9d9,0xab99bbe2,0xd0ddbf72,0x3772baed,0xf6c0ba34,0xe6eed7e1,0xeee1e1ee,0x8fe4e4f3,0xa7a7f4c3,0xbee1e48f,0x8fa28fa2,
0xa24d4d90,0xc3e8d7be,0x8a90908f,0x87464646,0x958a958a,0x46878787,0x23122587,0x12121214,0xa9a7e714,0xf4fcf493,0x44a7e7e7,0x11148787,0x12121223,0x00000001,0x25010000,0xfdff4444,
0xeef2fdff,0x0f82063f,0x00030303,0x06030100,0x1d0d0606,0x82413f0d,0x81f1e3db,0xe0677755,0x0707060e,0x0e030e0e,0x1d1e200e,0xe3f1821d,0x408080d6,0x3f808080,0x80401e1e,0xd6d2db80,
0x40c8d2d2,0x77c8dbf0,0x77e3d6d1,0x77818140,0xc9aa7881,0x67b2cbd2,0x9a67553c,0xcbac7bce,0xcccc99b2,0xad71aad4,0xf3f3ecec,0xafc9ccda,0xb5af6879,0xcae6e1e6,0xf2e2cfaf,0xe0e6eaed,
0x3799dac9,0xe66c7b55,0xe2e2b1b0,0xceb9b6da,0x7ab9b7d5,0x7a7aadca,0xaf7a9a6e,0x5d6b9adf,0x6a575b7a,0x556a7d6c,0x3c5c572b,0xb9bdd8cd,0x37327ebd,0xb6d99cb3,0x7c331b1b,0xaf7d3cda,
0xbbcfdf9a,0x9a5c56ab,0x3b6abcaf,0x7ccecfad,0xb45cb4b5,0xcfd8b7d0,0x5cd0e2ae,0xedccd9b7,0x4cbadddf,0xf3edb372,0xbedddefa,0xede69da2,0xa28fa2e6,0xc3fcfcfd,0xa2c3e7e7,0x904d4d8f,
0xa28f4d4d,0xa7a7a2a2,0x8aa7e7a7,0x87444487,0x9595958a,0x4646878a,0x12121225,0x12121212,0x49a7f744,0xf4fba751,0x46c3e7e7,0x11222690,0x01121209,0x00000001,0x46120000,0xfafa8712,
0xeae6edfc,0x4082d1fe,0x0e07071f,0x01010003,0x04020001,0x411e0d0d,0x77e3f0d3,0xe3c8aa57,0x03030306,0x03030707,0x1d1d200e,0x3fd18220,0xd1d1d140,0x80d18080,0x81803f3f,0x7781c881,
0xd6c8d2d2,0x7780d6f0,0xaae3d6c8,0x77407732,0xdab2aa78,0x3bb2cbcb,0xb2d4c978,0xc97bcc67,0xccc9abb2,0xc9abaeb5,0xedf2d4cb,0xafacc9da,0x7dadbcb9,0xb59ab4b4,0xced0ceda,0xb5e6cad5,
0x2bb568b2,0xe1b4cd7c,0xceb56ab4,0x373b55ae,0xb6a0bd56,0x5e6d71b9,0xceb4cdb6,0xb97f71e2,0x68aeab5c,0x999a6f2b,0x7a68612b,0xbdadabcc,0x38b679ca,0x9bb73d57,0xf2ccb81b,0xe2589af2,
0xe2b4996f,0xd0d4cfed,0xbc79b9ca,0x5bd9e2e6,0xb9aeab3c,0xddded9d0,0x717ebccd,0xbde2bfbf,0x9a5de1ef,0xf2e1bce6,0x65ba9df2,0xdcd7ba8f,0xe8a2c3be,0xe8fae8f5,0x90c3f4fc,0x904d4d90,
0xa278904d,0xa7a7a28f,0x87a79090,0x87442546,0x46878a8a,0x44878787,0x12011223,0x12121212,0x4a95fb25,0xf4f4a791,0x0b15c6f7,0x02020204,0x01010204,0x00000000,0x44461212,0xfee7e725,
0xfdf3f0ed,0x82ffffff,0x823f0d06,0x07030e82,0x1b3f060f,0x820c0d1d,0x32d3dbd1,0x55272e2e,0x0303030d,0x03000303,0x1e1d1f0e,0x203f803f,0xd1d1d140,0x80d1d1d1,0xd180403f,0xc84080d1,
0xc8e3f1f1,0xc8c8dbdb,0xf0d6f0e3,0xdbc877d6,0xb5e0c9c8,0x78cbd4c9,0xd4e1e6e0,0xe0e07baa,0xd4cce0cc,0xacb1abb5,0xb1b9af7b,0xdab9cc7d,0xadcee2df,0x9cb1797a,0xcad9edb9,0xcde2ceb9,
0x37b1b9d5,0xb5d4d5ca,0x9ae0ec78,0x3c6ae1ce,0x57ae712d,0xae9a9c6e,0xd9b8b77c,0xdfb8b0df,0xb9e2e1b1,0xd5563256,0x7d5b567a,0x337fb4ab,0x74566f3c,0x602a2d62,0xedf6d035,0x2a5761cc,
0x344c5563,0xb9acc9d5,0xe2713cae,0x7ed0e2ee,0xdfcdd97e,0xe2aeedea,0xd0cacfed,0xd9eacf98,0x6ddff2f3,0x9d5d57b2,0xdcfcf3e6,0xdce6ee72,0xeefae8dc,0xfaeea2e8,0xf4fcf5f5,0x908a4d4d,
0x908f4d8a,0xc3a7a790,0x4d4d8787,0x87464446,0x25464646,0x25464646,0x01011223,0x12121212,0x30434746,0xc6e7a785,0x130b30f7,0x8a958d24,0x12122587,0x14010112,0x46251212,0xffc3e78a,
0xf8f6eae5,0xfdffffff,0x0d060c19,0x0d37803f,0x41200703,0x8232b5d1,0x3f4182d3,0x1e4f771e,0x0303031e,0x00000003,0x1d1d0703,0x803f403f,0xd1d1d1d1,0x408080d1,0xd1d18040,0xd1c8d1d1,
0x4080c8c8,0x808040c8,0xd1d1e381,0xfed2ecf0,0xd4d6e0fc,0xcbac81aa,0xb5c9e1d4,0xecd5ccd8,0xd4e1ecec,0xb5b978ba,0xd4afecb5,0xc978d4c9,0xb0b03cce,0xbd337cad,0xedb4617a,0xdaede2df,
0x2b6a74ce,0x6baccccb,0x3361dacc,0xf2ecafe0,0x79e0af6c,0xd47acaca,0xd9ca7ebc,0xb55d70d9,0xb5cd6b71,0x7c4c6868,0x3c68345c,0x617cab32,0x6b1b3c72,0x341b192d,0xe2f3d834,0x9a571b2b,
0xb55de5e2,0xddb4d8ec,0xd56b5d6b,0xddcfefe2,0xd8ac99cc,0xd86fb2e2,0xaed0d9df,0xbaeaf5dd,0x3772cce6,0x34579837,0xa2ede672,0xe6fce89d,0xf5f5eeba,0xfceea2e8,0xeeeee8f5,0x8a908790,
0x4d4d8787,0xa7a78a90,0x87878746,0x87874646,0x23444444,0x25442525,0x00000123,0x12121201,0x91852690,0xe7f4e78b,0x8a85a9f4,0x12234487,0x12121225,0x23121223,0xfda74446,0xf7c3e7f9,
0xfac5c1d8,0xddfffffc,0x2a534e1a,0x191e1e1e,0x201f060c,0x82208041,0x801d2082,0xd6801e1e,0xd1e341db,0x00001d32,0x0e0e0703,0x801e1d1d,0x80d3d1d1,0x1e3f4080,0x77403f3f,0xd1d18040,
0x3f808080,0x4040201e,0x8181e377,0xfb80f0e3,0xe0fefefc,0x78d46778,0x5578d4ac,0xdf7a78cf,0xf2f3edec,0xc99978d4,0xe0eefac9,0xecccecf3,0xb9e0daec,0x385779b1,0xeeb47d68,0xedcee6ee,
0xcff2b1e2,0x9a7fb4dd,0xab2a6c7d,0xca7d7be1,0xcfd5696c,0xeddfede6,0xe2efe6d5,0xd558b4df,0x555879b9,0x5d7e6a6a,0x3c6a7b78,0x4c5f6b4c,0x321955b4,0x562b3337,0x2aeae2df,0xfacdbb18,
0x7bd8edef,0xd0e15599,0xfaf3d96d,0xf3d455df,0xcc5dcbec,0xe2e6e6f3,0xf2b4e1e1,0xedf2eefc,0x6ad7fae6,0xd79d634c,0xbabe9d72,0xfae48fa2,0xeeeef5ee,0xf5e4c2fa,0xe4e8e4ee,0x8aa78dc3,
0x874d8787,0x90a78a87,0x25464446,0x468a8744,0x14254644,0x23141212,0x12000012,0x44f4c344,0x878aa744,0xa7a7c395,0x9595a7e7,0x2325878a,0x8a231223,0x26872314,0xf4fd8f26,0xc6e7fafd,
0xf6a6c1dd,0xd9fffdfd,0x91532e15,0x3a19faeb,0x010001a4,0x180a0502,0xd3204180,0xfef3f1db,0xfffbfbfb,0x062937f2,0x06060706,0x801d0d0d,0x80d3d380,0x80408080,0x403f3f40,0x80404077,
0x407781d1,0x7780803f,0xd2808077,0xf0dbe3e3,0x77eef3f2,0xb2e0d4c9,0x7b99e1ac,0xe0c9ccd4,0xdad4f3d4,0x557dbccf,0xe0d4cad5,0xf2f3edd5,0xedf2f2da,0x563be2ed,0xe6bdb0b1,0xc063bde6,
0xdf714cbb,0x325c79fc,0x3d33e2b5,0x3e37d8ed,0xeddd3ead,0xedfced6d,0xedf2e29c,0xf3cee2df,0xd5cf9aec,0xb5cd4c57,0x74adb07d,0xb2ef6e35,0x6b3779ae,0x712d5d7c,0x5d9a6ee6,0xe2fcd071,
0x1bcdb06e,0x98d8e161,0xe6edcf35,0xe6cccad8,0x7270eef2,0xf2edede1,0xe2e6faef,0xe2bde2fa,0xccfaedcc,0x72fcfcc2,0xdceedc65,0xeee1c2ed,0xf3f5f5e6,0xe4c2e6f3,0xe4e4eeee,0x8ae7faee,
0x8787878a,0x8a878787,0x25464646,0x87908a46,0x23254444,0x12121212,0x46140112,0xf4f9fff7,0x95fcfcc6,0xc3e7f7f7,0x05152285,0x02020404,0x44c61102,0x260c1444,0xf4fff923,0xa7f7fdfc,
0xebdeedfa,0xf6fffcfa,0xa5532e18,0x931cfaa1,0x01010653,0x0b050502,0xd682400c,0xfbfce3d3,0xfefefbe3,0xde29acfe,0x060d1e91,0x1e0d0d0d,0x80d3d180,0x80808040,0x3f3f1e40,0x3f408040,
0x403f4040,0x4080d640,0xd2803f3f,0xdbd6d6d6,0x77e0dbe0,0x81d47732,0xac78e067,0xe1e1e0ec,0xdae1f3d2,0x68b5e0c9,0xec99acd4,0x335834b5,0xece0c93c,0xccaecced,0xd57c5c7a,0x566ab1ce,
0x596eb7bc,0x1b191855,0x5d6fc9ab,0x68333c7b,0xc9d07fae,0x7ebdbb6d,0xe2d89ab0,0xcad5eae1,0xdacf7cae,0xd8ccccae,0x5e985b9a,0x2b99371b,0xb56e2a1b,0x3756372b,0xbdd96cce,0x55fa742a,
0xa0b7181b,0x38ccaf5b,0xd46a3d29,0xcc99dae0,0x2b61cfb5,0xdfede138,0x712d35cd,0xbfb46cb4,0x65f2e19a,0x1b5dba4c,0xdcbe659d,0xbeeed79d,0x9d9dc2bf,0xc347bee2,0xe4e8c2c2,0x4490eec3,
0x878a8787,0x2544878a,0x23232525,0x87874644,0x12254444,0x23121212,0x9544a996,0xf4f7fcff,0xf4fefcf7,0x0be7e7c6,0x02040910,0x02020209,0xf4262615,0xa38f268d,0xfdfdfff7,0xc3fcf6f7,
0xa8f2f2fa,0xdeffffea,0x344e531c,0x4e2efa60,0x0a060696,0x35191d0a,0x82d31e19,0xe3f0d141,0xfcfefcf1,0x1692f6f2,0x0d669f1c,0x1d1d0d06,0x40408080,0x40808040,0x3f401e3f,0x80d1d13f,
0x7780803f,0x80c8d6c8,0xf3c88180,0xeef3e0d2,0xf3f0dbe0,0xe0b581ec,0xcbb2ecc9,0xd4eed7ec,0xecedecc8,0xb5ace0e1,0xf2f3d4b5,0xad5c69da,0xede1e1e2,0xdab1cace,0xeddaf2ed,0xe2e1e2f3,
0xb17cccf2,0x552b5668,0xe0c9dab2,0xb4ccced4,0xb7b4ca7b,0x612a9cd0,0xdfd9e2ef,0xd5da7b99,0xb0cee6da,0xeaeff2ed,0xeedfb7d9,0x4c6b9aba,0x7bb2985d,0x55b2e27d,0xbdd9e0ab,0xd5fdea71,
0xc9edae32,0xf2e1ce7c,0xd4b5b9b7,0xc9acd4e0,0x3734b0af,0xeff3f2d8,0xe25e387d,0xcfedefdf,0x5de2e1cc,0x72654c5d,0xa28fbe72,0xeef3eed8,0xeddce1ee,0xee8feeee,0xe4fae8ee,0x4490f5e8,
0x90909087,0x4444468a,0x25232346,0x8a8a8744,0x12254444,0x8b261412,0xfe441143,0xf7fcfcf7,0x95fdfcf7,0x438de795,0x11224447,0x87441123,0xfde9c346,0x8be58526,0xf7fcffc6,0xc6e8faf7,
0xa8f2eef3,0xfafefee9,0x1a312e1c,0x19927b0a,0x0603060d,0x190d1d0c,0x82d31d0e,0xf0d3411f,0xf3faf0f2,0x51fdfeed,0x4e2ec1a1,0x0d0d0d29,0x3f1e3f1e,0x3f808080,0x3f403f3f,0x8080401e,
0x80403f40,0x80c8d6c8,0xe3d18077,0xd2e0d281,0xdbdbdbd1,0xd2d4fafa,0xb2e6f2ec,0xe1eedad4,0xe0dadde1,0x7dcbe1e1,0xcbe1d4ac,0x553cadd4,0xabe1dab0,0x553778ab,0x6ce0e2b1,0xedd0ced5,
0x7971c9d8,0xcf7d6857,0x787bafed,0xd0e69957,0xd09a569a,0x381a1bd5,0x7ad0d0da,0xd9df1b2a,0xb7edf2ed,0xb4cadfd5,0xb5b33871,0x7db2ab6a,0xbcd06b7c,0x6aaecfd8,0xcedfd558,0x99f3d0cf,
0xb5eccd2b,0xe2e29c6e,0xb2cec9df,0xaeacd478,0x5d7cb4b2,0xe6f2e6bc,0xbb353568,0x6fbde2bb,0x98d8dddd,0xa2dd5d5d,0xe465dc9d,0xe4e6e4ed,0xdcd7dcdc,0xa2a2f3ed,0xdce4dcdc,0xbec3e4e8,
0x90909090,0x4625258a,0x44252587,0x46878746,0x26232544,0x93271547,0xf4faa5c5,0xf4f7e7f4,0xa7f7f4e7,0x43959595,0x11224426,0x85111111,0xf6c44644,0x3091918d,0xa7fcffa9,0xc6c3f7fd,
0xfcf3f3fa,0xfdfefce9,0x1c2e1c15,0x19514e0c,0x200e0d1d,0x1d1d1d20,0x41821f07,0xf0822020,0xf0f040e3,0xcffcfefc,0xeec1dedf,0x0e0d3bea,0x401e1d1d,0x3f80d180,0x40804040,0x803f1d1e,
0x813f3f40,0x40d2d6d2,0xd6818080,0xd2d6dbd4,0xf0e0e3d2,0x77f3f0f0,0xcbd4f2e3,0xedf2ecd4,0xe0e0ccee,0x81aacbda,0xdaddd4b5,0x68c9ece0,0x68af7d58,0xadab687d,0xcaddb179,0xdae2cacd,
0xb1ad79df,0xecd9556f,0x7f79dae2,0xd9cfae79,0x2babb4b1,0x9c386d74,0x6a9cb071,0xa0fae25b,0x332d7c19,0x7cccdf71,0xb4e2dddf,0xb5dd787d,0x6bb4adcd,0xddedf255,0xcfd8cc78,0x4cccb4b5,
0xbdede22a,0xceb95768,0xe2ece0da,0xaeb1ac78,0xabcdb5b2,0xd4f2dab5,0xb268375c,0xbab24c63,0xe2e1e698,0xd7d79d37,0xe6be7272,0xe6e6c2d7,0x9dbee4e1,0xc2a2eee8,0xe4e8a2a2,0xe4e4e4a2,
0x908f90c3,0x25231487,0x44232346,0x46464444,0xf9232325,0xe98cdefd,0xfcffe8e9,0xa7f4f4f4,0xc3f4a795,0x22878795,0x4d8a8726,0x25258787,0xc6a98a95,0x85a4a454,0xfdffffa9,0xc6c3f7fd,
0xfceefcfe,0xfffff6f6,0x2e502e31,0x1c2e2f15,0x0e070d50,0x0e0e0e0e,0x20824107,0xe341201f,0xe3d382e3,0x99fbfbfb,0xecefc1c0,0x0e0d40db,0x801e0e0e,0x1d3f8080,0x3f3f4020,0x401e1d1e,
0xd13f3f80,0x40c8d2f0,0xe0c8d281,0xe3e0d6aa,0xf0e1d6e3,0xd4e1e3f0,0xdae0d4f0,0xececeee6,0xccd4dded,0xac78d4e0,0xe0e0abcb,0xabcbecec,0x793268d4,0xb1b5cbb9,0xf2e6b66e,0xdfdfdae2,
0x7d68afdf,0xb9bc5c38,0x7837dfdf,0x5d3b583c,0x2dabe2d8,0xe6bb7932,0x6b567cdd,0x18bcb4b7,0x2b1a1b0c,0x6899c971,0xd9dacf6c,0x99edd9cc,0x3cb9ccae,0xe6eed834,0xbbbccfcf,0x3dd8b9cd,
0x78eced4c,0xd8d4c955,0xe6daede1,0xcaccadda,0xb2d57bce,0xbdf2ccb2,0xccd86a5d,0xe56c5dbb,0xd7ede1d8,0xd7dcd7bc,0xd7d8659d,0xdcddbebf,0xe1bedce1,0xe4c2e6e4,0xdca28fd7,0xe4e8e8c2,
0x908aa7e7,0x25232346,0x25251223,0x44252314,0xc7141223,0xe9ebf9f9,0xfef7a7c6,0x95a7e7f7,0xa7fae795,0x4687878a,0x26874614,0x23234425,0x85a78795,0x8ba4a651,0xfffffff7,0xe4fcf7f9,
0xf2f3fdfd,0xfdfde9e9,0x1a2e9ffc,0x1c31361a,0x0306062e,0x06030103,0x20411f03,0x3f0e0f1f,0xd180403f,0x76f2f1e3,0xb2c4e5a3,0x0e0d77c9,0x401d0e0d,0x1d1e4040,0x1e1d3f3f,0x3f1e1d1e,
0xd13f3f80,0x40d1dbe3,0xd2d18080,0xdbdbdb81,0xdbe0c8d2,0xcbdae3f0,0xf0e1e0e3,0xecececee,0xe2e0daec,0xb1b9b5e0,0xd499b2b5,0x6a5578e1,0xd0bd5d4c,0xafd578ad,0xe2e2d5ab,0xe2cedadf,
0xccda6bd5,0x78cc7ebd,0x7838adb5,0xb7b07cab,0x1b71ddbd,0xe2edbd2d,0xcc324cd0,0x1b1a1a7a,0x6be6cf5d,0x3c3b584c,0xd06b6837,0x3cd0e2ed,0xc9b9b5cd,0xe5e67955,0xb7d0d0cd,0x9eed7bc9,
0x6a68b5b7,0xd5d5e2d9,0xdfdfecf2,0xb6e0b5d5,0xaebccfce,0x57cbb57b,0xabba5832,0xd8377c7c,0x72d7ddf2,0xd7d8bf99,0xbebedca2,0xbe9de4e6,0xe8a2a2dc,0xa2c2dce4,0xe4c34da2,0xc3e4e7e4,
0x958a9090,0x46462587,0x23231212,0x44252523,0xc3121223,0xa8f8f7f4,0xf9faa797,0x8a9595e7,0x95f4a795,0x25464646,0x11221108,0x12121208,0x8b958746,0x91de9154,0xfffffff6,0xf5fcf7f4,
0xeef3f3ec,0xfdc4f8e9,0x181cefff,0x18391b31,0x0e0e0d19,0x07030303,0x0f1f0703,0x0e0f0f1f,0xd1803f1d,0x91f3f1d6,0x81d0d0c0,0x0e1d40c8,0x1e0d0d0d,0x1d1d203f,0x0d0d1e3f,0x3f1e1e1e,
0xdb1e3f40,0x77c8e3f0,0xd680c8c8,0xdbd2d6c8,0xc8c8dbd2,0xe0e1f0d6,0xe1d2fcd2,0xececeef2,0xd4ece1e1,0xb5ab7db5,0xe0dadacc,0xccd4d4e1,0xcce6576a,0xafede06a,0xdfddceca,0xecdae2b6,
0xdaedcdd5,0x783c2961,0xcac0cd3d,0x9c7e6a7c,0xe2d938b9,0xb75d6fdf,0xa0b8b9a0,0x35752d37,0xbc71713c,0xabaed0ae,0x585cb0b4,0x7eafb1ce,0xe0ceccd0,0xbc6c7db5,0x6acfdddf,0x0ccf7c6a,
0xce565855,0xb7b1d4e1,0xb6cae0f2,0xcdd8b9b1,0x6f9ae2e1,0x5d4caf6f,0xddbc72bf,0xda65cf9a,0xddd8dded,0xcc9ddde6,0xc2dcbea2,0xbcbec2c2,0xeec2c2dc,0x8f8fc3ee,0xc3c38fa2,0xa2e7e7c3,
0x95904d47,0x87874690,0x23121214,0x23252323,0xc6121212,0xa9a98dc6,0xf4fc95a7,0x8a9595f4,0xa7c3958a,0x22444646,0x12222312,0x23121212,0x8ba78746,0x93de9193,0xfdfefffd,0xf9fcf98d,
0xeef2e0ac,0x4be2e9f6,0x3131fd31,0x37783f2e,0x06060619,0x03010303,0x07070303,0x0e0e1f0f,0xd1d3801d,0x9ffbf0d6,0x406a9866,0x1d1d4080,0x1d0d0d0d,0x0d1d1d1d,0x0d0d1d1d,0x3f1e1e0d,
0xd2404040,0x80d1e3e3,0xd1d1d1e0,0xdbd2e3d2,0xc8aad2db,0xdae1c8db,0xd4ecfbc8,0xecececee,0xe1e1dae1,0xaccbb5d4,0xecd57b99,0xcfe1b5ed,0xec996faf,0xb1daf2ed,0xdae1efe2,0xf2dabc6b,
0xb9e2e2ec,0xdf2b576c,0x59b0e5ee,0x7f717db3,0xbc713559,0xb69ecc6e,0x35a0e2ce,0x75b3632a,0x982a3437,0xb4b5e1d4,0x6fabbcb4,0xb99e79ab,0xd4e0bc6c,0x6c9ae2b9,0xbcd5cd9a,0x1ab7b79a,
0xd5cf6f6b,0xd9ceb97b,0xb6ab68df,0xe2d5abaf,0xcabdd5e1,0xcf575599,0xeeda7bef,0xdfbcf3c9,0xeddfd8e2,0x729de1ed,0xe4dde4e4,0xb3bc679d,0xe8dcdcba,0xdca2c3c3,0x904d90a2,0xe7a7c38f,
0x90904d90,0x8787878a,0x12121244,0x12231414,0x90141212,0x97a78595,0xa7fdf44d,0x878aa7f4,0x8a959587,0x11111425,0x08111212,0x23080808,0x8b258795,0xc5eb8b96,0xc3fcfec5,0xf5fdfaa7,
0xdac88178,0x2dfef2f2,0x1ceb4e02,0xdb201e1a,0x0606061e,0x00030303,0x03030000,0x07070f0f,0x8080200e,0x4ef0e3d6,0x1e787860,0x0e1d3f40,0x0d060d0e,0x060d0d0d,0x060d0d06,0x803f1d0d,
0x808180d1,0xd1d1d2d1,0xd18081d6,0x80c8c8d1,0xd2c8c8aa,0xecd7d6e0,0xace0d2f0,0xeceeeeec,0xe2e1e1ec,0x7ddacbd4,0xe0afac7d,0xab99b9e2,0xec6aabe2,0x7ccfe2ee,0xd5d0eedf,0xede1e2ca,
0xdfe6d4ec,0x7563eed8,0x2f5ae6f3,0x3dbcddb4,0x9c63b062,0xcdd9edce,0x577eb7d5,0x38577c71,0x632b554c,0xccb5cf99,0x4c636aae,0x6a7c7f6c,0xaf7899b2,0x3db1ccad,0xd9bcdfb7,0x71e278bd,
0x6ab9da4c,0xdde6d9b4,0xcaad7ab9,0xcaced0d5,0xb6b1b9d5,0xd86f57b4,0xe6cfa1e5,0xb3d8f3e6,0xeddfeeee,0xa2beb3d8,0xa2bfdcbe,0x4c379dbe,0xe4c2be5d,0x90dcc3dc,0x4d878787,0xa7a7a790,
0x908a878a,0x1487878a,0x12121214,0x12121212,0x8a121212,0xa985268a,0x95e7a747,0x444695a7,0x46874625,0x12121223,0x08081201,0x12120808,0x47872587,0x4afc8e8b,0xfda7f488,0xf4fcfcf4,
0xac3b5578,0xd7fffef0,0x53bd180c,0x771d671c,0x06030632,0x00030703,0x03000000,0x07070303,0x801d0606,0x3b8080d3,0x1e3b4040,0x0e0e201e,0x0e0e1d0e,0x060d0d0d,0x061d0d06,0xd1803f0d,
0x1e404080,0xd6d6c880,0xc8818080,0xe0c880d1,0xdbe3dbd6,0xf2e0d6db,0xdad481e0,0xe1edeeec,0xb2d4e1e0,0x6a99dab2,0xac99ab78,0x556858ec,0xede1c9e0,0xccb96f71,0xdad9e2e0,0xb5d5dae2,
0xb7ceafad,0x5da09de6,0xd0a0b0bd,0xb7eadfb8,0xdfbddf5e,0xd9edd9d0,0x9e794c7e,0x322a3371,0x5d183432,0x7bbbb36f,0x985d3c55,0xb155323c,0xb1bd6aab,0x6f79ab78,0xcc71cced,0x339a58af,
0x9a9ab13c,0xc9e1ce7f,0xcab9ca69,0x7fd5d8ca,0xb6b9ca7a,0xc1a06fb5,0x9f3150d9,0xd8ea9e9d,0xd7e6f2ed,0xbed79e65,0x9dc2e49d,0x8f4be1ed,0xe4be9d9d,0x90c3e4dc,0x8a878787,0x8f8fa790,
0x8a878787,0x12144487,0x12121212,0x12121212,0x44081212,0x8d47478a,0xe7a78543,0x44444695,0x44464444,0x08121212,0x12120100,0x12121212,0x87e72325,0x30a9c58b,0xffa7c3eb,0xe8f9f7f9,
0x785567aa,0xa0fcfeee,0x9fc12e15,0x773b5766,0x03060632,0x00030303,0x00000000,0x03030300,0x411d0606,0x1e3f3f40,0x1d1e323f,0x0e0e0e07,0x1d1d1d0e,0x0d0d060d,0x0d1e1d0d,0x401e1d0d,
0x80404040,0xd1d181c8,0x40804040,0xc8808040,0xe3e3d6c8,0xece3d6d6,0xdb77c8c8,0xd4daecec,0x7be0dada,0x6a58cb7b,0x79abab99,0x7c586aca,0x7ae2d4c9,0xecb94c3a,0xdfd5e1e1,0xd9b4d5da,
0x33bdeeee,0x75a0b298,0x7eb9b04f,0xb0dfbc74,0x9c7ecd62,0xb19cbdbd,0x37379acd,0x34373432,0x725d4c1b,0x343c575b,0x3d563c55,0xbd7b6a3c,0x587d6bb1,0xafb7d09c,0xb26a56dd,0x2d7b577b,
0x7c617d6a,0x9ab99c7e,0xb9dadfb6,0xb0cae1d5,0xb6b9ceb1,0xa39e6f9e,0xa3535053,0xe6eaa39e,0xdcedede2,0xedbee4a2,0xa2e4eade,0x8f8fbbbf,0xa2a2a2a2,0xa7bec3a2,0x87878a8a,0x908a8a8a,
0x44874426,0x12124487,0x12121212,0x12121212,0x12010112,0x9047268a,0xe7a78722,0x25448795,0x04092544,0x00020204,0x12010000,0x12011212,0xc3e72523,0x8997f8a5,0xe8a7fceb,0xe8f7faf7,
0x786778e0,0xddfefff2,0xa5c15305,0x40195d91,0x06f1200e,0x00031d1d,0x00000000,0x03030300,0x80200e06,0x40808040,0x1d1e323f,0x0d060e0e,0x060d0d0e,0x0d0d0606,0x1d1e1e0d,0x1e0d0d0d,
0x4080803f,0x80c881c8,0x1e408080,0x8040403f,0xdbdbd1d2,0xd4e0c8e3,0xc8aad4e1,0xc9d4ecec,0xcbe0cbda,0x7d78c9b2,0x7b6f7bab,0xaf7bbc7b,0x5d7ccf7b,0xc09b609e,0xdfe2e2e5,0xd9ccd0df,
0x63e5e6e5,0x5d9eedde,0xbdd0b660,0x59ddd8df,0x6b59cd7c,0xb9bd9c60,0x375a62b0,0x1b323734,0x5b6a2b1a,0x5b2b2a5d,0x344c3437,0x586f6b5b,0x55717b7b,0xd0b09a62,0x727c7bae,0x5d6a4c71,
0x725d6a5d,0x7aadb7bd,0xceceedb8,0xb9d0dfda,0x7e7f7fca,0x9ebb9dae,0xc1655031,0xddbf9da1,0xdcf2f2df,0xe2e4e4be,0xa2dcdca2,0x8fa2bea2,0xa24d8f8f,0xa7a2a2a2,0x87878a4d,0x878a8787,
0x46874687,0x23232544,0x12122325,0x01121212,0x44010101,0x87264444,0xc3e78722,0x44878795,0x11122325,0x00010812,0xa7230100,0x1212a790,0x478a4623,0x54c7f7e9,0xc6f4ffc5,0xe4fafaf4,
0x4077e0fa,0xfafffeee,0xa14e301c,0x3f1e34df,0xd3ff2007,0x031f1f0f,0x00000000,0x07030300,0x40200e0e,0x3fd3823f,0x1d191940,0x06061d1d,0x0606060d,0x1d0d0606,0x1e3f3f1d,0x190d0d1d,
0x3f1e1e3f,0xc8c88080,0x1d77d281,0xd6818140,0x81d6d6d2,0x81d677c8,0xcbe1ecec,0xd4dbeee1,0xc9d8d4da,0x99786f78,0x6a71686a,0x3c99d8bc,0x5757e163,0x98605a76,0xc0e5d9bd,0xb3b3aecd,
0x4cb8bf6f,0x76eafae5,0xe2cd7635,0xb7d0d0d9,0xbdd0cd7f,0x74b0bdb7,0x98346174,0x5d2a1b56,0x644c325a,0x33574c34,0x6f3c6b4c,0x4c5d9871,0x5d633c6a,0xae7c9a7c,0x4cb27c5d,0x9a9a3c4c,
0x98726f5b,0x745e7cae,0xafaed57e,0xcaecb9ac,0x7e6fcad0,0x70b36398,0xa3918b50,0xddd99e91,0xdcf5fadd,0xd7e6c2c2,0xa2a29d4b,0x8fa7a7a2,0x4d874d8f,0xa74d4d4d,0x468790a7,0x87878a87,
0x25448787,0x25232323,0x12232525,0x01121212,0x87120101,0x44444487,0x95e78a44,0x8a958a8a,0x14234646,0x12444423,0x8ac6fa44,0x44f49587,0x8da79525,0x91f7f4ef,0xf4fdff93,0xa2e4c6e8,
0x5581fafc,0xf5fefacf,0x4c1c4ea5,0x5a374efe,0xf5fee30e,0x20200782,0x03030303,0x07030303,0x200e0e0e,0x3fd3823f,0x1e1d1e1e,0x03031d1d,0x06030306,0x1d1d0d0d,0x3f403f1d,0x1d0d1d1e,
0x3f1d0d1d,0xd6813f40,0x1e3fc8d1,0xc9c8803f,0x4080dbc8,0x77c87740,0xd2c9d6ec,0xc8dbeeec,0xb2c9cbda,0x67677b7b,0x996c5799,0x63cccbaf,0xb776cf5d,0x605a2f76,0xc1bd9f60,0xb7a098a0,
0xa1a3c176,0xeabde24b,0xbdbb669d,0xd99bd0bd,0xb7987ce2,0x9b6d7ed9,0x9859739b,0x6a722b4c,0x57293475,0x3c375d37,0x6357614c,0x603c6f9a,0x63726898,0x729a5758,0x575d7263,0x4c6f555d,
0x72767563,0x6d73385d,0x787fb86b,0xd9dad4b2,0x6fb4ccbc,0xc2d76565,0x8b8b9191,0xd8d0d98b,0xa2e4efd8,0xc2e1c2c2,0xa2c2c24c,0x4d90a78f,0x87264d4d,0x8a8a8787,0x8a90a790,0x878a8787,
0x23252546,0x25232323,0x23232525,0x12120812,0x87121212,0x22444444,0x95a78a26,0x8aa7958a,0x0c168787,0x26261c85,0x44f4f78f,0x44fef723,0x91a5a744,0x918bfceb,0xf5fffffd,0x4b8fc2ee,
0x32aaf3f0,0xe2fcee77,0x2f91531c,0x9f4c53df,0xdbfffb40,0xf10ed6f0,0x03030341,0x0d060606,0x200e0e0e,0x3fd1d140,0x1d1e3f3f,0x06060d0e,0x06030303,0x1d1e1e1d,0x3f403f1e,0x0d1d1e3f,
0x3f1d0d0d,0xd1401e3f,0x4080c8c8,0x4081803f,0x3f808077,0xd63f1e3f,0xe0d2e0db,0xc8ecf2ee,0xaaacaac8,0x676ac999,0x6a6a6a6f,0x6fdacb99,0xc176b7bc,0x4e5091a1,0xa1c0669f,0xc0a1c1a1,
0x5091a3a3,0xea64de53,0x4c709eb3,0xd9d0b19f,0xbd9c9eef,0x6dbdb9bd,0x3763747e,0x4c37694c,0x5d5d7272,0x6f5a7057,0x555d6a57,0x345d5d6a,0x4c5d712d,0x5d72bf7b,0x63636363,0x6f5d4c35,
0x5d656572,0x707c6335,0x7f6a707e,0xd8bcd8cf,0x7bbcccdf,0xc2eed072,0x8b508b91,0xd7beb391,0xe4edeade,0xe1e1e1c2,0xa7a2a2c2,0x8a4d908f,0x87264787,0x4d90904d,0x9095908a,0x25464446,
0x12232325,0x23232314,0x23232544,0x01010112,0x87121201,0x26444444,0xa7a7474d,0x8a959595,0xe5f98a87,0x8d85a2c6,0x8a8795f9,0xa7fefaf4,0xa3a4a7a7,0xde91a3f6,0xe4f5fffc,0x4d4da2dc,
0x191e3f40,0xfcf3e31e,0x92a4a42f,0xc1c091c0,0xfafffe65,0x411de3d6,0x3f80f0fe,0xc0e8553f,0x1d1d0e0d,0x1e803f1d,0x1d1e3f1e,0x06060d0d,0x0d060303,0x1e3f1e1d,0x403f1e1e,0x0d1d1e40,
0x1e0d0d0d,0x403f1e1e,0x3f40d281,0x3f808040,0x3f77403f,0xd2773f3f,0xe3d2d2f0,0xeceeeeec,0xacac81e0,0x6a7bd267,0x557b7b7b,0xcfb2b27b,0xc1c19ecc,0x314ea3dd,0x66a1a166,0x655a6650,
0x4e919150,0xea6591c4,0xa1dec1c0,0xe2756b4f,0xe2e2d0c1,0x344c9ccd,0x3a705d37,0x4c5d6338,0x9d659ea0,0xbb604c75,0x5d635d5d,0x37575d5d,0x635a9863,0x5d63a065,0x654c659d,0x995d6f4c,
0x5d729d72,0x576599b4,0x5d4cb57b,0xe6d09ebf,0x7b6fd9e6,0xa3ddd8bc,0x91919191,0xc2a391a3,0xe4dddddc,0xbec2eded,0x8fa2dcbe,0x2685478d,0x4d264426,0x874d9090,0x8a4d8a87,0x44444687,
0x12142544,0x23232523,0x12122323,0x12121212,0x44120101,0x87444444,0x8a444487,0x8a908a8a,0xebeb4646,0xf7f7f9f6,0xf9f4a7f7,0xc3fefcf4,0xc4a5a9f7,0xeba385eb,0x8feefff6,0x261b4d8f,
0x19191e40,0xf1f0c832,0xa4a43419,0xe9eb914f,0xfcfff075,0x40eeecee,0xf1d167fc,0x19d1aa1b,0x0d0d070d,0x3f3f3f0e,0x1e1e1e1e,0x03030d1d,0x0d060603,0x1d1d1d0d,0x401e1d0e,0x1d1d3f40,
0x0d060d0d,0x1e1e1e1d,0x4040c877,0x3f403f40,0x3f1e1e3f,0xc8403f3f,0xdbd2c8e0,0xf0f0e3e1,0x7bd2d4f0,0x6faa786a,0x7bc999ab,0xdab2cb6a,0xb8e2c0e2,0x5353a3a3,0x504e9e91,0x508f8b50,
0x9f93c42f,0xf665a3e9,0xc0a3dec1,0x74bdd9de,0xcdb9e1c0,0x6fb771bd,0x4b343270,0x6375a064,0x7272bf37,0x756f4c98,0x98997257,0x6f72636b,0x7366759e,0x5d637265,0x5d4c5d72,0xcc985763,
0x726f7265,0x5d5d6372,0x3c5dd77b,0xd9c06f65,0x636fb0bc,0x8b98d8ba,0x9191918b,0x918ba391,0xeae4c1de,0xa2a2e4ea,0x85a2e4a2,0x2226854d,0x90474444,0x878a4d4d,0x4d4d4d87,0x87874687,
0x23142544,0x25444444,0x12121223,0x12121212,0x44010101,0x95474444,0x878a8787,0x44878787,0xe9471425,0x85a7f7e5,0xe7f4e7a9,0xc6f9f7c6,0xe9ebebe4,0xa691509d,0xbefcffc7,0x1919192c,
0x1e3281db,0x80d67877,0x9f1a060d,0xe9c19fcc,0xfcfff266,0xdcfcfcfe,0xfc37effe,0x65f04ed9,0x0e0e070d,0x1d1d1d0e,0x1d1d193f,0x06060d1d,0x06060603,0x0d1d0d06,0x1e1d0e06,0x1e1e3f3f,
0x0d0d0d1d,0x1d0d0d0d,0x4080401e,0x1e3f1e1e,0xc8403f1e,0xc8404080,0xd2d28181,0xe3d6f2e0,0x78aad2f0,0x6f787899,0x7b997858,0xab9999ab,0xa3d0e6e2,0x9153539f,0x8b50a1df,0x93965451,
0xa4a49292,0xe94ea3e9,0x602f9fa3,0x62e5d9d9,0xdfb34c75,0xd09c7ed9,0x4b375d4c,0x4c372d4c,0x634c7060,0x989a635d,0x9a6f7263,0x72716398,0x76294c98,0x635d6f65,0x5d576060,0x9ab86072,
0xb0d7985d,0x657e9a9e,0x6555ba65,0x4c636553,0x9e985858,0x919de6d7,0xa6a3918b,0x918b8b93,0xe5e6e5de,0xa2bee8e4,0xc3c6c2a2,0x2626858d,0x87472226,0x904d4747,0x87909090,0x44874444,
0x23232344,0x23444625,0x12121212,0x12121212,0x44120101,0x44444444,0x878a8723,0x25254687,0xf6a72312,0xa995f7fd,0xf7fce7a9,0xa3fef7e7,0x8ff6e9c4,0x5091918f,0xe4f5e885,0x1b1a264d,
0x4077f2f3,0xd4d27740,0x3a0d193b,0xa1c16075,0xf182db4f,0xfcfefefc,0x1e19acf1,0x40803280,0x0606060d,0x0e3f200d,0x201d200e,0x1d201d1e,0x06061d06,0x1d1d0606,0x0d0d0d06,0x3f1e1d1d,
0x0d1d1d1e,0x1d1d0d0d,0x1e1d1e1e,0x3f3f1e1e,0x403f3f3f,0xc8c88080,0xd7ba7781,0xf0d6d2d4,0x7881d2d6,0xac7878aa,0x986a6755,0xaeccb5ba,0xc1dedfd8,0x669e66a3,0x5154a3a1,0x54915451,
0x91509291,0xa4914b91,0x98344b53,0x7ed9dfd9,0xeddd75b7,0x5a60bdcf,0x5d5a654c,0x57382d60,0x70637598,0x72ba6373,0x9b609864,0x5d6a7272,0x573a6537,0x5a6f6f63,0x9e766539,0x9dbd6064,
0xd5cfb472,0x9d75cdce,0x4b659da1,0x63726550,0xbc99ba9d,0x9153bbd8,0xa5c29391,0x91a3a3c1,0xe4dedec1,0xa2c2e4a2,0xc3c6a2a2,0x8d858da7,0x44442247,0x854d4444,0x44859085,0x22444444,
0x23232222,0x23444425,0x12121212,0x25121212,0x87230812,0x12448787,0x44464612,0x0a0a1423,0x85504b0a,0x9590c3a2,0xf7f7a795,0xa3fdf4a7,0x8feee59f,0x472e4b4b,0xa2a2a24d,0x8f8f1b4d,
0x81d6f2f2,0x1e3f7740,0x190c1919,0x7257395d,0xf1d3fbd9,0xd3e3e3f3,0x1940c8d3,0x0d0a0d06,0x050c0c0d,0x0d1d1e15,0x1d1d1d0e,0x1d1d1d20,0x01063f0e,0x0e0e0606,0x06060606,0x1e1d0d0d,
0x0d1d1e1e,0x1d0d060d,0x1d1d3f1e,0x1d1d1e1d,0x3f1e1e19,0x7781401e,0xd2c98040,0xe3e0c8c8,0xd2f0d2c8,0x67553767,0x73655767,0x6fbaba9d,0xa1bfcfb2,0x66a1a39f,0x4a4a5491,0x9192544a,
0x53a39f91,0x91915091,0xb8659153,0xa03964c0,0xd8e5dec0,0x4b73d9dd,0x2d2d5a70,0x5d4c7570,0x76989c75,0x9a9e72a0,0x66767675,0x38729a98,0x65755d57,0x4c636f4c,0x769d9865,0xc0cfbf5a,
0xaebcb4bb,0x91bbcaae,0x31395091,0xbba39150,0xd7b2d0cc,0x918bc2de,0xc1c293a3,0xa4a4a3c2,0x50a3c2c1,0x8fc6c38f,0x85854d8d,0x908d8d85,0x25262647,0x26262325,0x23474747,0x44222323,
0x22232226,0x23252523,0x12121212,0xc3251212,0x44232387,0x12464644,0x44122312,0x05151515,0x0a0a0a15,0x8a470c04,0x95f7f487,0xeffdf495,0x2c8fa34e,0x26262c2c,0x2c4b8f47,0xeea22c26,
0xc8d2f0d2,0x0d0d1e77,0x0d18190d,0x1e323719,0xfcffff78,0xd341fafc,0xfffffcfb,0xde53a329,0xc42e38ac,0x060d1da4,0x0a1d1d06,0x1d1e1d0d,0x061d1d20,0x06060e06,0x06060606,0x1d0d0d0d,
0x1d1e1e1d,0x0d06060d,0x0d1d1e1e,0x1e3f1d0d,0x40403f1e,0x40403f3f,0xd6c88140,0x407881d2,0xf0d67777,0x78675581,0x9d9d67b2,0x98be9d75,0x9d4c9a9d,0x91a3a353,0x5488888b,0x91925491,
0xc0c0a3a1,0x919191a3,0x649e91a3,0x394f4f39,0xd0d9bfa3,0x9e98bdee,0x2f919f60,0xa0709e50,0x98a0c0c0,0x9e98726f,0x75726f76,0x4c57b498,0x63729898,0x65707272,0x654ca164,0xbe76d9bb,
0xb3b26f75,0xb8b7989e,0x505391a1,0x9150508b,0xbe9ec291,0x8b8b91a1,0xdcc2c1d9,0x549191be,0x8b91a3a3,0xc3e8c6c3,0x4785858f,0x47858585,0x22264747,0x26441423,0x11442626,0x44262214,
0x23112222,0x12121414,0x01121212,0x95461201,0x2344448a,0x12231223,0x8d121212,0x8b50ebeb,0x4791a3f6,0xfdffff1c,0xfefff7e7,0xfafffcfc,0x262c8f8f,0x151c4b2c,0x262c2626,0xf5c34b2c,
0x1e77d281,0x0d0d0d19,0x19181906,0x556f3232,0xfdfeff78,0xf280dbfc,0xfffdeaf0,0xe5664e91,0xab6639c9,0x0d060de9,0x0d0d0606,0x1d1d3f1d,0x1e1d1d1e,0x1d1d1d1e,0x06060d1d,0x0d0d0606,
0x1e1e1d1d,0x06060d1d,0x0d0d1d0d,0x1e77190d,0x7877401e,0x77404077,0x40404040,0x403f3f40,0xd2c87777,0xaa676778,0x9ebec8ec,0x9d726565,0x72bf575d,0x9f91914e,0x88939191,0xc2a45454,
0xd8d0d0c1,0x919165a1,0x9fa19fa3,0x50534e31,0xedd09b91,0x666098ee,0x5391508b,0xa15ac08b,0x6a64c1c0,0xbdaeb3bb,0x9e7265b3,0x5d72d9cf,0x7263655d,0x6575a19e,0x7339645a,0xb3bb9e9e,
0xd8bdb7cc,0xc0759ebf,0x549f91c0,0x50303030,0x8b8bc291,0x8b853091,0xc0c2c1a3,0x8b91a2a3,0x97a9a391,0xa3e4c6a9,0x8d8d8da2,0x2647858d,0x26222626,0x22222322,0x11232222,0x22444422,
0x11111111,0x25231212,0x46474412,0x878a4412,0x23878787,0x01232312,0x95121201,0xa48585a7,0x8b8bc1e9,0xfdfefffc,0xf4f7e7a7,0xf5fefdf7,0x262c8f75,0x14262626,0x2c262614,0xf5e4a28f,
0x40c8aa78,0x1919191e,0x19190d06,0x5537191e,0xfffefd3b,0xf2e0e6fd,0xfffdebfe,0x533131c0,0xecb3a0cc,0x000103f2,0x06030300,0x07060e0f,0x1f201f0e,0x2020201d,0x0d0e2041,0x06060606,
0x1d1d0d0d,0x06060d1d,0x1d0d0d0d,0x40773f1e,0x8181403f,0x774077aa,0x403f3f40,0x401e4040,0x67677877,0x78677837,0xc2d7aac9,0x655d4c65,0x3c9d654c,0x91915065,0x4a91938b,0xa1a35451,
0xdddfd0a1,0x9fa39ec1,0x6660a1a5,0x65502f4f,0x9e6539b8,0x4b2f73bf,0x50505050,0x9ba1c150,0x9d9dc1de,0xa1b3a0b3,0xbb9eb376,0x6565bed8,0x9eb35d5a,0xb8b89e76,0xa1505050,0xdec1769f,
0x9abdb3b7,0x66769eab,0x4a5453a1,0x8b518984,0x454a888b,0x8b308b89,0xc2c2c0a3,0x8b8b91a2,0x8d91918b,0x8d918d8d,0x8d8d8da2,0x26434785,0x22222244,0x11111122,0x11111111,0x11222226,
0x14121111,0x8a8a1214,0x958a4623,0x46462525,0x23121225,0x00011212,0x87010100,0xf54747c3,0xde913030,0xf9fffff6,0xe7e7f4f4,0xe4f7faf4,0x262c6591,0x14140a26,0x2c262c26,0xc3bea28f,
0x3b777740,0x1e191e1e,0x1e190d0d,0xe5781932,0xfef3dab2,0xf3d7b2ed,0xfdebebfc,0x9e5039ee,0xa566a3fd,0x0a020aa1,0x06060a0a,0x01010102,0x02060101,0x06050a02,0x191d821d,0x193f403f,
0x0d0d1d18,0x0d060d0d,0x1d0d0d1d,0x40403f1e,0x40404040,0x9d324077,0x40323277,0x321e4078,0x373b6767,0x789d673b,0x9daa6777,0x4b373b67,0x654b4c4b,0x91a3659d,0x88a5918b,0xa3a58886,
0xc2c2c0c0,0xbbd9a19e,0x73705670,0x1c50532f,0x4b2e1c31,0x504b5d60,0x5391502c,0xa391a353,0x9ea19fc1,0xa3bbbbb0,0xbfa3a1a0,0x769d7575,0x709e9f9f,0x66736560,0x91669f53,0xdec0c19f,
0x6f759fb8,0xa1b87e72,0x45549153,0x434a8884,0x45844543,0xa3919130,0xa3c29ea3,0x8b8b8ba2,0x8d8d8d89,0x8d8d858d,0x8da78d8d,0x22434785,0x44442222,0x22232222,0x11111111,0x47111111,
0x90904d90,0x4444872c,0x04040411,0x02020808,0x08080202,0x08080808,0x85080808,0xfe8f478f,0x8ba39191,0xc6f7ffc2,0xeefdfff4,0xa2c3c3c3,0x1a2c2d4b,0x26141426,0x2c2c4d2c,0x26478f8f,
0x1b1b1e1e,0x40401e1e,0x190d0d19,0xd899321e,0xfaec4032,0xfcdaaae0,0xf8a8c5fa,0x311c3972,0x51669192,0x94948c1c,0xc1eba8eb,0x132e1613,0x2828160b,0x164a8c48,0x99cfff81,0xcbf3d2ac,
0x06061d9b,0x0d060606,0x191d191d,0x1e191e1e,0x403f321e,0x783f1e1e,0x3b321e67,0x1b1b1e37,0x676a674b,0x78aa7878,0xaaba6755,0x1b376778,0xa22c2c1b,0x50508fa2,0x88a4918b,0xa3a35486,
0xa19fa1a3,0x6366a1c1,0x65637571,0x1c505050,0x31503130,0x314ba3c0,0x91915331,0xc191a59f,0xbb9e75d0,0xa1d9d9b7,0x66a1c0c0,0xc0c19e66,0x64736691,0x9f60a1c0,0xa4a39191,0xd9bbc1c1,
0x65709fc0,0x9e9b7270,0x30549191,0x43244584,0x86434343,0xa3a3a38b,0xa291a3a3,0x858d858d,0x8d8e8d89,0x85858585,0x8da78d8d,0x43474785,0x44442222,0x44444422,0x11111122,0x8f111111,
0xe5eeb3bf,0xf6e9e5dc,0x24248ca6,0x13131313,0x24281313,0xa9a8c7a9,0x3027454a,0xdc9e3050,0x91a43043,0xc7c7fdee,0xeefcf9c6,0x4d8fc3e8,0x1a2c2c2c,0x26150c26,0x2c2c4b4d,0x2626262c,
0x1b193240,0x77403b32,0x0d19191e,0x1e1e190d,0xf2d4191d,0xfce3d2ec,0xf8a8c5fe,0x604e31a1,0x6f65534e,0xdbecb757,0xe2dedad4,0x496a9993,0xc548f0c4,0xcce5a8c5,0x4c9dfaf2,0x78b2d4b2,
0x06060d9e,0x0d0d0606,0x1d191e19,0x190d0d19,0x401e1919,0x321e1e3f,0x1e1e32ac,0x2626191b,0x9d6f6f2c,0xc9babad2,0x9dba9dba,0x325d5d9d,0x8f1a1a1b,0x8b854b8f,0x8954918f,0x91888486,
0x91918b91,0xbc9e91a3,0x769e76a1,0x43434e65,0x2e2e2e43,0x1a30508b,0x9fa45430,0xeadec491,0xc1d975c1,0x9dbbdec0,0x91a1a1a1,0x66a17653,0xa3916591,0xa366a3c1,0xa3a69191,0xdec09fc1,
0x7075c0c1,0x9f539e73,0x858b91a3,0x24438585,0x85434243,0x91a3c291,0x8d8d9191,0x8585858b,0x43898d8b,0x85854743,0x858d8d8d,0x47854743,0x22222243,0x26442222,0x11111122,0x4b110811,
0xc29d5d4c,0xfafac2a2,0x48a5bedd,0xe12448ee,0xe450c1ee,0xc6c2c7e4,0x50a3a8a6,0x47c1a191,0x8fa5964a,0xc6f9ffee,0xe7f4f4a7,0x4d8fe4f5,0x262c2626,0x26262626,0x2c4b724b,0x47262626,
0x1e1e3f40,0x67773b32,0x191e1919,0x191d190c,0xf0c91e19,0xc878ecf3,0xfcc55dd6,0x9e602fde,0x343b4e31,0xba919f39,0xeea16678,0x4e722a54,0x96a66631,0xded98c8c,0x6a637be9,0x7878291c,
0x060d1eb2,0x0d0d0606,0x0d191e19,0x0d0d0d0d,0x1b19190d,0x321e1e3b,0x1e1e5555,0x26152626,0xbad79d1a,0xacbad7d7,0x8f8f8fa2,0x407b4c4b,0x4b26261b,0x8b47478f,0x508b8b8f,0x8b84848b,
0x8b8b918b,0x729d5091,0x9ebb9d70,0x4343505a,0x432e3030,0x301c2743,0x91931c2e,0xc4dec191,0xb8d0dede,0x729ea3c1,0x9bc0bd75,0x53919e64,0xdea3a3a1,0x53919fa3,0x5391c4a5,0x91538b91,
0x669ea1a1,0x503091a1,0x8b8b9191,0x2485508b,0x85454342,0x9197918b,0x8d8d918b,0x43434385,0x43438585,0x85474343,0x47858543,0x43434343,0x11222222,0x22112222,0x1a0c0c85,0x8f11151a,
0x914b4b9d,0xf5e4bea2,0x2493c1c5,0x53302494,0xe430a1a8,0xa38fa2c2,0x4b8be5e5,0x9166394b,0xe591a394,0xf4ffffff,0xe4e7e7c6,0x4d8fc6fa,0x26262626,0x261a150c,0x2c4d4b2c,0x47472626,
0x19191a2c,0x403b321e,0x0c1b5578,0x1e0c0a0a,0xdcaa3f1e,0x4077d2db,0xfdeb3b1e,0x669153d8,0x2d2b332f,0x75b3a050,0xfe9f9f9e,0x535416e9,0x8cf26550,0xc5a59252,0xc06a55a4,0xb24b2fa1,
0x1dfafacc,0x0d060606,0x0d19190d,0x140a0d0d,0x19190d0d,0x1e1e2626,0x1b37371e,0x26261515,0x50a28f26,0x8f8fa28f,0x4b9d9d9d,0x40784b47,0x2c1a261b,0x8f85474b,0x85505050,0x8b8b5050,
0x8b50308b,0xb391918b,0x9dcfb5cc,0x2e507365,0x43303030,0x50302816,0x54913130,0xe5a59330,0xc1d9c1ef,0xb4cfa3c1,0xa1c0c0a0,0xa3539fa1,0xeadedea3,0x913191a3,0x9154a4de,0x50508b91,
0x4b505050,0x30305050,0x91a39150,0x42858b8b,0x85854342,0x8d898585,0x858b8b8d,0x43434385,0x43434385,0x43434343,0x43858543,0x43434343,0x11112222,0x85111111,0x1c1a50f6,0xe8ebe52e,
0x858f8fee,0xc5c34d8f,0x2428a424,0x54919127,0xc2c25328,0xb38f50c2,0x4b9154c4,0x93a34b2c,0xdea3a154,0xe8f5fdf6,0xe8f7e7e7,0x8f8f8fe4,0x0c0a154d,0x50ef1c09,0x2c2c2c2c,0x2c4d2c2c,
0x1a1a1a1a,0x78321e18,0x0a50fffa,0x150c050c,0x1d190c18,0x40404040,0xfcef9d40,0x64313139,0x3455314e,0x98785d37,0xeec0e2e6,0x542e30fa,0x49bc65dd,0x94529228,0x32193fe5,0x32d0acc8,
0x2be1fe40,0x06060306,0x0d0d0d06,0x0a140c0c,0x191d0d0d,0x26191919,0x1a2c2c1a,0x26222226,0x47472c26,0x4d472c4b,0x8fa2655d,0x4b3c4b47,0x2c2c262c,0x8f8f4b8f,0x504b4b4b,0x4585858b,
0x918b3085,0xc1a49392,0xa1c0c0c0,0x31659fa1,0x43432830,0x50303043,0x54888b4b,0xe9c5a88c,0xa3c0a1de,0xd9d0d0c1,0x91a3a3de,0xa49fa3a3,0xe9a1c4c4,0xa35050c1,0x545493a3,0x31503088,
0x30314b50,0x91505030,0x8ba39e91,0x43858b8b,0x84454342,0x89868484,0x85858689,0x43424243,0x22214243,0x43432122,0x22438543,0x22432222,0x08111111,0xf6851110,0xc4f9deef,0xfa9e918b,
0x962e2d65,0xe9ee2cbe,0x4a8c5445,0x9f91c28c,0xa1e92848,0x91655350,0x4b8f658b,0x96a6504b,0x50914ba6,0xe8e7f5a3,0xe4f5f5e8,0x8f8fa2e4,0x1a150c15,0xeffda31a,0x2c2c4bc2,0x2c26152c,
0x15152c78,0xd1321815,0x15fdeae6,0x050a0c0a,0x0d0c0c05,0x81401919,0xfcfad7ba,0x4c2929b2,0x3b78399e,0x4032321b,0xd7b2dae0,0xbb53bbdd,0x8c51c8ec,0x8ca68c48,0xc8f2c14a,0xc8fcc8db,
0x3c777719,0x0d0d0d1e,0x191e1e19,0x190c0c15,0x18191e19,0x1b192626,0x261a2626,0x18150c26,0x26262c1b,0x2626261a,0x8f8f4b2c,0x26262c47,0x8f2c2626,0x678f8f72,0x50554b4b,0x2828858b,
0x8b8b8b45,0x9191884a,0xc0bfa391,0x4e9ec0c1,0x30282430,0x50915350,0x45282830,0xa6939688,0xa4a1a1c1,0xe5e5be9d,0x9154a4de,0xc4a6a493,0xeae5a4e9,0xc5a5a4de,0x5151548b,0x4b4b3030,
0x4331312e,0xa28b8528,0x8b8b9191,0x43858985,0x84458443,0x84848686,0x43434345,0x85434343,0x43222243,0x47434343,0x47474747,0x47854747,0x15474747,0xdebe2211,0xf5fde830,0xa19153a3,
0xc49fdc65,0x4aeba4eb,0x88888c83,0xc1bf8845,0xb3f68892,0x5430914e,0x4b656775,0xebebe54c,0x4b4c4b91,0xf5f7faeb,0x154be4fa,0x0a4d2c2c,0x1a1c1504,0xe5eff58b,0x26268fbe,0xc28f2626,
0x181a91e0,0xc84c1c2c,0xa5eadec2,0x0c1a0c0c,0x5d2b0c05,0x32190a1a,0xf3f0c82d,0x2b1a1a9e,0xc8d4a06f,0x1e813b1b,0xabb2bac9,0x1c9dd8e6,0x16161c17,0x0b0b1616,0x0b0b0909,0x0b0b1616,
0x2e172e17,0xdc5537bc,0xc95d3cd7,0x4b2c2c55,0x37501c2e,0x321a2c2d,0x184b4c2f,0x2c5d3c1a,0x37781a0b,0x2283452c,0x47474326,0x22222626,0x8f474322,0x678f4b4c,0x4b4b2c4b,0x2843474b,
0x8b858545,0x91848447,0xa176c08b,0x2e91a3c2,0x85432427,0x915391a3,0x45452830,0xa4a69324,0xa3c1a3c1,0xeae5a09e,0x9393a4e9,0xc5a6a696,0xc4e9c4eb,0xa6c5e9c4,0x304a8888,0x471c1c30,
0x308b2e47,0x8b503043,0x858b8b8b,0x43434385,0x84848484,0x2e308686,0x50130b51,0x16162c50,0x505d2916,0x2f1c2f2f,0x4b1a1a2f,0x655a4c31,0x4f4e9f53,0x4b8f4b9e,0x1ce4dca2,0x16162715,
0x0b05050b,0x05040505,0x10101010,0x30430b10,0x2c4e2451,0xdca4504b,0x4b37376a,0xbe9ef6be,0x912c4b4c,0xa2e8f9f8,0x0c15264b,0x098fbe1a,0x8b1c1515,0xa39185a3,0x2226a2a2,0xefdc6726,
0x5066e5d7,0x6565262e,0xfde5a353,0x0c1515c5,0xc29d4515,0x2c181591,0xaa1b1e0c,0x1831a8e5,0xd2b5721b,0x1e191955,0x673b1e19,0x151b3b3b,0x180c0c15,0x0a180a0a,0x0b1c0b05,0x48279128,
0xc193a693,0xfff5ddeb,0xfdfdf2ef,0x88f5c5f9,0xfaf89696,0xe9a8f8fd,0xdefdf9f8,0x42a88430,0x91c7ea84,0x228496e8,0x15152222,0x22152626,0x4b471522,0x78a24b2c,0x2c2c2c4b,0x28288547,
0x84452442,0x8b844585,0x65bec291,0x30506565,0x3028432e,0x91919191,0x4545454a,0xc5c58828,0xa5c1c0eb,0xfafadec1,0x282854e9,0xe9c59688,0xeaebf6eb,0x8893a5c4,0x43848888,0x85854743,
0x858b8547,0x43438547,0x47858b8b,0x43212142,0x84848484,0xa6964384,0xf8964588,0x8c84c5f6,0xf6c59688,0xebc5ebe9,0xc596c5ee,0xf8f8f6c5,0xf6884af9,0xc4defdfd,0x50def9e9,0x96c5a6a4,
0x1748288c,0x04041005,0x0205150b,0x0c0c150c,0x0c0c260c,0x26472c2c,0x4b5d2c2c,0x2c2ca2c2,0xf9a68f2c,0x0c264be5,0x2c9e1515,0x152edc50,0x501a2c2e,0x542e1526,0x4726a2c2,0xfd652c4c,
0xdef8deba,0xb2c2158b,0xfdc13150,0x912e13eb,0xf8a4e41c,0xf5315065,0x19322d9d,0x31a6a365,0x80401e19,0xba777777,0xebaa7740,0xe37781ee,0xf0f0fbfc,0xdefc151c,0x96ea8c27,0xc1a5c494,
0xa1bf91c1,0xfffdc592,0xf9fac2e5,0xefa389f6,0x8684a8c5,0x8e96eb88,0xa8fcf9a8,0x42108388,0x43c7f68b,0x26a6c4c6,0x15152222,0x22220c26,0x4d261522,0x9d8f4d47,0x26474ba2,0x45868b85,
0x24422443,0x8b854221,0x4b509191,0x2e305050,0x45242427,0xdedea38b,0x24454a88,0xeba88645,0xe9a688c5,0xc5e9c5c5,0x96528893,0xa8eba8a6,0xc4f6f6eb,0x88885496,0x1c1c93a6,0x3085472e,
0x43452424,0x24434724,0x42424343,0x43422142,0x42848443,0xc58e4342,0xebc1844a,0x9683a8ef,0xfe968696,0xc5ebc5f8,0xc54ac5f6,0xeb9696e9,0xc5968896,0xa5a4fdfd,0xa3f9f692,0xa8dea5a4,
0x30c1cc52,0x24284545,0x182edef6,0xa3fcfdfc,0xeae5f9c1,0x4d4d8fef,0x50e4e4a2,0xa27237be,0xebe9a3be,0x1515268b,0x1c50c191,0x2c301cfa,0x2715154b,0xa4549130,0x4c2ca2fc,0xc24b151a,
0xf6fff8e5,0xa316eae5,0xf8e554f6,0x1515fdfd,0x451cbec2,0x332f50ee,0x191b182c,0x18181b19,0x05050518,0xc9db3005,0xdd401e78,0x3f1e1eaa,0xf0faed78,0xc4a453a5,0x92a552cf,0xc1544593,
0x50655293,0xffffa854,0xfdde30a4,0xc59684f9,0x93c5f8a8,0x9696864a,0x4588eba8,0x84838484,0x91c6eb89,0x15c2c391,0x0c152211,0x1109220c,0x21222615,0x2c2c1522,0x26152647,0x45858547,
0x42244343,0x43432121,0x8b853047,0x21164330,0x84244242,0xa6c4a386,0x454aa896,0x45458383,0xeb4a8342,0x4aa8ebeb,0xeb8c4848,0xc58c96ef,0xa8e9f6f6,0x88888896,0x1c1c8b91,0x2830852e,
0x42242442,0x42422121,0x10212121,0x42422110,0x42434343,0xc5844242,0xa3a28488,0x428391e5,0xf9848684,0x88f68896,0x96888383,0x9696a8eb,0x549f9683,0xc4a3fdfd,0xe5eb96c4,0xc4a34a4a,
0x27c1a19f,0x54925292,0xa6545453,0xdcdee5fd,0xefdcbedc,0x2c4da2e5,0x052ee8a2,0x0b0b0404,0x150c0b05,0x152e4726,0x501c5050,0x151c91a6,0x88a5a5f9,0xfdf6e8dc,0x2630c5fd,0xe591a343,
0x659e9160,0x501a2f4b,0x151c1a31,0x15432743,0x2e1c1c15,0x18291c4b,0x05050c0c,0x0b211004,0x24100b2e,0xaa553045,0x781e193b,0x0d1e32aa,0xfeecac1e,0x49482ea4,0x92944976,0x918c458c,
0x2e5091a6,0x34faf84a,0xeb85a8eb,0x86a8a6f6,0x8ca8e996,0x888e8386,0x8442c596,0x28212145,0x8f8fa2a3,0x2243434d,0x0c112211,0x1111100c,0x1022150a,0x26262221,0x47262615,0x43288547,
0x21424243,0x21212121,0x28434342,0x42131628,0x8e842424,0x4aeba689,0xebeffb96,0x83834596,0x8c4a454a,0xa693eba8,0xa4a4a4c4,0x92482892,0xefe9ebe9,0x308ba4c4,0x30302e2e,0x4389898b,
0x42422442,0x21212142,0x10102121,0x42422110,0x10212142,0x8e421010,0x91e5a88e,0x428e508b,0x86838e83,0x96888484,0x96844283,0x96a8a896,0x4ae9844a,0xa6ebff96,0xf6880b43,0x92913028,
0x49549354,0x54a58854,0x54541730,0x55bae5fc,0xdea27867,0x4b8fc2de,0x161ca28f,0x21131313,0x05041310,0x1c150509,0x1c1c1515,0x17161616,0x28451717,0xa6a85430,0x43509191,0x85438545,
0x91655330,0xa1a15350,0x30302e50,0xa651272e,0x0b163054,0x8c100b05,0x101028fa,0x42211010,0x88454545,0x321e274a,0x3f19191e,0x191e67cb,0xfbc94019,0x53514ee5,0x28939239,0x92888c52,
0x303054c5,0x1b1b198e,0xc488ebbf,0x8396def8,0x4284a883,0x86888483,0x96848388,0x83242142,0x8f4d4b8f,0x4747472c,0x09228f8f,0x11090808,0x10111109,0x26262210,0x43151515,0x43424224,
0x10214243,0x21211010,0x24422121,0x42424224,0x45834242,0x83884a24,0x96968845,0x8845458c,0x28838893,0x45454a88,0x28244a45,0x28272830,0x45482727,0x2e309149,0x89303030,0x42242886,
0x42424242,0x21212142,0x10102121,0x42422121,0x42102142,0x89864221,0x4b8f8484,0x42848b50,0x84424283,0x83214586,0x8e868696,0xa8ebf683,0x888b8342,0xdeebebeb,0xfadd2e15,0x51303054,
0x54544a4a,0x24288852,0xa4172e51,0x3237bafa,0xdcd9be55,0x8fdee8e4,0x282e4c8f,0x24458824,0x21212142,0x8c961321,0x04041010,0x130b1310,0x27171317,0x508b2e2e,0xbea2a28f,0xc6dcc2b3,
0x4a514a45,0x24422886,0x2f1c2f70,0x53a14b2c,0x0bbea491,0x21212110,0x218386a8,0x31452442,0x249d5050,0x372c2848,0x19191b32,0x326acc78,0xc8321e1e,0x4c4e50d0,0x3093734c,0x88a35428,
0x2128514a,0xeb224242,0x91a3a350,0xea8486fc,0x21424221,0x84868342,0x848e8384,0x42211010,0x42474321,0x21472626,0x08268f85,0x08080808,0x10080810,0x11091010,0x21222109,0x21212121,
0x10101010,0x10101010,0x21211010,0x42212121,0x21422121,0x42218342,0x4a454545,0xa38b508b,0x244aa5a3,0x83832428,0x42218342,0x28454242,0x17242413,0x42163028,0x10214545,0x10101010,
0x10101021,0x10101021,0x10101010,0x10101010,0xeb831010,0x242184a8,0x504b8e86,0x42832121,0x42101021,0x968e8384,0x2183c786,0x2186a883,0xeb91eb83,0x8496a6fc,0x42c58684,0x83241321,
0x4a458ca8,0x28304545,0x912e4e53,0x2b2d57ed,0xc2dea665,0x8fc2e5c2,0x45304b50,0x50518828,0x84968443,0x4a968383,0x21212142,0xf531de21,0xeffaa4e5,0x9150a1a1,0xe9e9c4c1,0xa996a6de,
0x24288585,0x42248321,0xe9fceb83,0xf891eba3,0x45fefda3,0x86832121,0x24433088,0x24303030,0x244e2442,0x9d782445,0x1932559d,0xc8c9e040,0x1e0d4081,0x325599c8,0x2e4b2a3b,0x09151a21,
0x04090909,0x0b091010,0x180c0c0c,0x1c1c2e50,0x10090909,0x0b0b0b10,0x09171315,0x09100802,0x0b220910,0x21151515,0x2226150b,0x21212121,0x84244221,0x4343868e,0x30508485,0x83422428,
0x21212121,0x10212121,0x21101021,0x30170b21,0x28241316,0x1613308b,0x15153030,0x1c1c0c15,0x1c1c1c16,0x31602e1c,0xc4c04e2f,0x2e2e1c31,0x0b132830,0x1010100b,0x21131313,0x21211021,
0x42422142,0x21428342,0x24214242,0x21212124,0x27431021,0x10101624,0x1643150b,0x10090910,0x10080210,0x0b161315,0x0b212813,0x10211516,0x50161c30,0x22151c50,0x10130b0b,0x10101010,
0x10211316,0x2e1c160b,0x722f6565,0x323267fa,0xc2c2a39d,0x4385a3c2,0x134a8543,0x2e4a242e,0x83864543,0x86a84210,0x83838345,0xfdfdc521,0x31fff9fd,0xebe9fda3,0xc5effcfe,0x86832486,
0x969391a3,0x54244224,0xfffd4283,0xebebf6ff,0x93a3f9f9,0x24101042,0x13132428,0x42271313,0x24302842,0x4a8b1313,0x8b51518b,0x51304a88,0x0c182e30,0x151c3030,0x0b0b0c0a,0x0505150b,
0x0b0b090b,0x0502040b,0x05051515,0x04020404,0x04020402,0x02020205,0x02020402,0x04040402,0x0b050505,0x05050b05,0x0b050505,0x0b0b0b0b,0x0b0b0b0b,0x0b0b0b0b,0x152e160b,0x1a182a18,
0x050c0c0c,0x04020204,0x05050402,0x0b0b0b05,0x0c182e2e,0x0505050b,0x02050505,0x02040b05,0x02020202,0x04020404,0x05050505,0x2e2e0c0c,0x0504050b,0x04020405,0x04050204,0x15150b05,
0x1c151515,0x1c761518,0x0c050b0b,0x16051531,0x04040515,0x15050505,0x04020516,0x05050505,0x04040204,0x04020404,0x04050202,0x02020202,0x04050502,0x05040204,0x0b050505,0x15160b0b,
0x150c0c15,0x1c160b0c,0x2e1c1615,0x30305151,0x3045308b,0x24303030,0x21278585,0x27282813,0x21842824,0x244a1010,0x45131324,0xfdffc524,0xc4a4fcff,0x968896fc,0xf617138c,0x88c2d9e5,
0xfff9f8eb,0x9683ebff,0xfd8321fa,0xa6c5c5fd,0x96ebf8fd,0x13101021,0x13244245,0x42241021,0x27282110,0x134b2821,0x8b4b2e21,0x88515188,0x244a4a4a,0x48484a24,0x88968c4a,0xf8a8a88c,
0x969696eb,0x170b48c5,0x8c94fdff,0x13131327,0x28452428,0x24242413,0x24244528,0x888c8c28,0x48484545,0x2894944a,0x24244a28,0x24172448,0x13172424,0x28241313,0x52884528,0xc492a88c,
0x4552304e,0x0b0b1013,0x1317130b,0x100b1613,0x30172824,0x151c1616,0x0b0b0b0b,0x0b051727,0x0b0b050b,0x05050b0b,0x0b0b0c0c,0x17522716,0x13131710,0x100b0b24,0x24241313,0x52282728,
0xf6a45391,0x138c5193,0x10100b0b,0x8c0b1345,0x17131352,0xf6944824,0x241745a8,0xc5f8a88c,0x2848288c,0x24134845,0x48240b0b,0x24132424,0x24489645,0x48242413,0x8c48488c,0xf8f8c58c,
0xf9c5a8f8,0x96964aa8,0x45454a8c,0x45454583,0x45838384,0x2428304a,0x24434743,0x21243028,0x21831310,0x86212424,0x24212113,0xfdff9624,0xeb30c5ff,0x96a896fd,0xff4a4527,0xf8fffffd,
0xfdf9f8ff,0x8383f8ff,0xa8839696,0x3084a8fd,0x45a8fdfe,0x24212110,0x10452445,0x21211321,0x2e272110,0x15152742,0x432c2621,0x5350502e,0xa8969491,0xa896888c,0xc5c5c5eb,0xf8f8c5c5,
0xebebf8f8,0xc5f8fdf8,0xebebebfe,0xebeba8eb,0x96f6e9eb,0xf8968848,0xa8a8a8f8,0x8ca8ebc5,0xebebf8c5,0xc5ebefc5,0xf6ebebc5,0xf8ebc5f6,0xa8ebebc5,0xebebebeb,0x9645a8f8,0xf6f8c5a8,
0xa88cebf8,0xc5a8a8eb,0xebeb96a8,0xa896a8f6,0x8c248ca8,0x92a5e9eb,0xc596c5e9,0xc5492754,0x8c968cc5,0xa4c5a88c,0xc5e9c593,0x8cf69694,0xebf8a896,0xa8eb8cc5,0x248ceb8c,0x8cc51724,
0x8c88a84a,0x28282828,0x8c8c8ca8,0x8c96944a,0xeba8eba8,0xebf6eba8,0xebc5c5eb,0xebebf8f8,0xc5ebeb94,0xfdebe9c5,0x48488cf8,0xebf8f8f8,0xc596ebf8,0xf8fdf8c5,0xf6c5a8c5,0xc5c5f8f8,
0xf8f8f8a8,0x88a8a8f8,0x96969696,0x548c8888,0x8b545454,0x21424b50,0x24472613,0x13242728,0x42848945,0x88422421,0x24212124,0xebe98842,0x270b84ff,0x8842a8f9,0xfd96a891,0xfffffdeb,
0xf8ffffff,0x4583fdfd,0x83218492,0x888484f9,0x838ef8ff,0x24212110,0x21212142,0x24422442,0x24244213,0x19192413,0x15181819,0x1c431c1c,0x45302728,0x96a8964a,0xc5f6ebc4,0xfdf8ebf8,
0xebf8fdfd,0xa8e9f6eb,0xa091bfa4,0x281392c0,0x24a4d7ee,0xef481313,0x9254e5d9,0x13244894,0xeadeea48,0xdedec1de,0x92ddeaed,0x8c484848,0xa1c1c48c,0xd9c1d8c0,0x48174892,0x13244827,
0x48130b49,0xefe5f28c,0xeac4d9e9,0x28241794,0x28161383,0xf6a5c4a5,0xc4c1fafd,0xfde5c19f,0xffffffff,0xfdf8f8ff,0xfdf8fcfd,0x1342838c,0xe9172713,0xc4c4efea,0x139392a3,0x520b0b13,
0x48281717,0x48272849,0xa8964952,0x8c8ca8a8,0xd0f2a58c,0x5473bdc0,0xefe6e294,0x179cc0de,0xb328170b,0xd8df9fa0,0x130b13e5,0xa1d09313,0x482724a4,0x4af9f84a,0xebe9e548,0xf8ebf8fc,
0xc5f8fdfd,0x8ca8968c,0x91919648,0x5030458c,0x28453050,0x42211313,0x13134242,0x13133030,0x24848945,0x24454221,0x21104524,0x91c28442,0x421083eb,0x4a4296c5,0x96833054,0xfffff896,
0xa8f9ffff,0x2842fdfd,0x83834551,0xeb888396,0x86c5f8eb,0x21102113,0x42214242,0x24214284,0x27281324,0x4b1b4342,0x2e292c4b,0x16151c50,0x17150c15,0x45518b27,0x96c5a88c,0xf8f8c596,
0xe9f6f6f8,0xc4e9ebe9,0x544a5154,0x131766c0,0x884554e1,0xa0ed4888,0xa48c289f,0x8c94a8a6,0x66d9c14a,0x4a452848,0x8ca89492,0xa4919252,0x93a8888c,0x284849b7,0xe1f1d949,0x92a4e2e0,
0x488c130b,0xdea5c1c4,0x52e588a6,0x28282424,0xfde94a96,0xf6f8e9eb,0xf8f8f8f8,0xf8fdffff,0x92dec4f6,0xc49fa4a4,0x9191dec4,0x48965430,0x48281313,0x53c12713,0xc0535430,0x178c4824,
0xc0c13165,0xe2dde6ee,0x488c13c4,0xa8ebf8fc,0x9f94c452,0x1727bfa1,0x28164848,0x279f9f53,0x274a5248,0x52132753,0x1328e5bf,0xa3514888,0xeb8c4a93,0x54a64888,0xddbebfa3,0xfcfcfaf9,
0xc5e9c5c5,0x8c8c96a8,0x918c4a4a,0x16245491,0x2e171615,0x49284343,0x24422428,0x45244a30,0x45454a45,0x21242142,0x42212121,0x96f98642,0x8383f6c5,0x4524a8a8,0x83245145,0xfffffd86,
0x86f8ffff,0x24a8fda8,0x86838451,0xa8964584,0x2196eba8,0x10212121,0x42211321,0x42424242,0x45242424,0x2d3b3028,0x1a2f4b91,0x53151515,0x2e3031a1,0x45302e2e,0x9696964a,0xf6f8f696,
0xe9f8ebf6,0x54a4e9eb,0x4a549354,0xcb9ebfa5,0xc5de88a4,0xa1a1d948,0x8c8ca64a,0x8c488c8c,0x51545248,0xa6944548,0x4a94f394,0x2793ecdd,0x88a4d9ed,0x27484892,0x27272727,0x275d9f51,
0xc424a813,0x91c1a4a5,0xa82448a3,0xe9934845,0xa453a3f2,0xa4535392,0xc4ebf6eb,0x92a5f6eb,0x2e2e30c4,0x91539253,0x53a4eb54,0xeeef9153,0x1349494e,0x30170b24,0x2e91de91,0x13a80b92,
0x5330310b,0x0b134892,0x27481313,0x28a1eaeb,0x92939213,0xa42894c1,0x271324df,0x8c925316,0x288c4952,0x2427548c,0x48a5a18c,0x5452fc93,0x92a153c0,0xd98c9694,0xe5deb3e1,0xfdfffdf9,
0x969696f8,0x4a4ac5a8,0x30454a4a,0x2e2e9130,0x1615152e,0x8b502e1c,0x45a38b91,0x24424a51,0x42454545,0x42244221,0x42131321,0xfdf88342,0x96ebf9f8,0x4a459696,0x83849645,0xfffda884,
0x83a8fdfd,0x86fdf883,0x96a88349,0x88968884,0x10219688,0x24422110,0x21102142,0x42422121,0x45242424,0xc2c58e4a,0x8b8cf6eb,0xa31a3030,0x16308bc4,0x45241516,0x88884a30,0xc5fcf6a8,
0xebebf8c5,0x4a93e5eb,0xa1a38c88,0xa6e1a58c,0xa8c1eaa8,0x48c064de,0x28138c8c,0x8c8c5228,0x8cea2748,0xa5ecf052,0xde528c17,0x4851a4dd,0xc1cdc054,0x52524852,0x13284951,0x24314c17,
0xc09428a5,0x2830a3c1,0x27241313,0x9fa3538c,0x914ea6a4,0x919f5353,0xa6a4a4a4,0x30302e51,0x3030302e,0x91535151,0x53c13016,0x66eb9191,0x1728531c,0x13178ca4,0x2e915217,0x4a13491c,
0x1331160b,0x170b0b13,0x54499448,0x27279fa3,0x535e3030,0x48488c54,0x49489fc1,0xde51a413,0xa1524892,0x524992c0,0xd9739288,0x52d9e952,0x8854c093,0x9648d9e5,0xa1e1dea4,0xfdfdfdef,
0x9696ebfc,0x4a889696,0x8b28884a,0x8f4b8b50,0x30545091,0xc4a85430,0x459696a8,0x4242844a,0x10214284,0x42214221,0x21242442,0xf8834242,0xf6ebeb96,0xa68396fd,0x8496f888,0x86834283,
0xc5f8f8f8,0xf8a88386,0xc5fd8384,0x83969686,0x10102183,0x42422121,0x42214224,0x42244242,0x24242421,0xc5888683,0xa8a8ebeb,0xa4938484,0x2486a8a3,0x1c161543,0x4a4a301c,0xa8ebeb96,
0xf8f8a886,0x4aa6a8f6,0x76c0e5a8,0xa893a3a1,0xe9a8e9f6,0x888cbd9f,0xc0488cda,0x48c1c0d8,0xa4c42849,0xc1dec0de,0xdec19428,0xe9a4c1de,0xc1d992a4,0xc0de8c52,0x54a0a0c1,0x94179f51,
0x919f1317,0xc4271392,0x54498c48,0x91503028,0x53919253,0x53312ea4,0xa451a59f,0x511c1c54,0x2e1c2e51,0x51303027,0x2e312e2e,0x2e9f534e,0x27302e2e,0x9fa19217,0x28131327,0x24279e2e,
0x2e910beb,0x48485330,0x92244596,0xc1545353,0xa3c0dea1,0x8c949f30,0x54c1768c,0xb649c130,0x769ea496,0x9fc1c0c0,0xa0a14aa4,0xf2a58cde,0xc4c4a896,0x8c8891bf,0xc2bf9196,0xf9fdfdeb,
0x8888f6f8,0x84454a86,0x3045454a,0x8b31501c,0x2e918b91,0x96a8a430,0x459696a6,0x84428345,0x21102145,0x21101342,0x13242442,0x96422142,0xf8c58383,0x9642fffd,0x84ebf8e9,0x86a8f883,
0xebfdf8f8,0xfda8868e,0xf8fd8383,0x83839696,0x10108386,0x42422121,0x42212424,0x42422142,0x24244242,0x88834542,0x8893e9eb,0xebf68424,0x4388a8c5,0x15151516,0x28281743,0x96c5c592,
0xf9f98886,0x4a4a88eb,0x9db3a5a8,0xf69693bf,0xe5eb96e9,0xdd4a8ce5,0xbd51a4bb,0x94c066c0,0xed52948c,0xdede76b8,0xeaf2a652,0x4852dfde,0xc0c09192,0x9f53528c,0xc1d9d0c1,0x452728d0,
0x52669f27,0xeaf61317,0xc4a849c4,0xa4301351,0xa45492c1,0x9251539f,0x5451a492,0xc493c5c5,0xc59392eb,0x54308c8c,0x93513053,0x5096492e,0xdd8c5431,0x5449a8a4,0x24a8efa5,0x13c26624,
0xbd171313,0x9228a566,0x5148a1e5,0xa4535060,0x8ca493a1,0x928ca454,0x66a36454,0xd9c549c9,0xc0c0c196,0xa38ca4dd,0xe14888a1,0xc48ce9c1,0xbf9496ee,0x48a4a1a1,0xde8c96a8,0xfcf8f9f6,
0x9696ebf6,0x45428496,0x27454545,0x53508b2e,0x30549191,0x96964a30,0x4596a38e,0x86424283,0x83211042,0x21214242,0x21214242,0xc5831021,0xf6c58396,0x4242c58c,0xc5fff9c5,0xfdfdf896,
0xc5a8a8eb,0x86f89686,0x96f88321,0xa8838396,0x10428688,0x42422121,0x21101042,0x24422124,0x24244221,0x84242424,0x2488968c,0x96a84a42,0x4a938c96,0x0b0b152e,0x2417160b,0x96a8c591,
0xc5f6a888,0xa84a8ca8,0xddc1a48c,0xc4e18ca4,0xeeede98c,0xd9e24894,0xd5888cc1,0xdec1e2f0,0x96a8eb94,0x66d9c0d9,0xa5499354,0x8c93efed,0xa4b0769f,0x9f9f5328,0xc066534e,0x488c2749,
0x2492b3a4,0x1728484a,0xe9c454de,0x513030c1,0xa42e5193,0x0c152e2e,0xa62e2e53,0x2e1c2e2e,0x2e15161c,0x30301c51,0x2e4e1815,0x2e8c1715,0x5351494e,0x4ac5a391,0x488c884a,0x53601713,
0x27274813,0x664f2e53,0x27924e53,0x30536031,0x93525252,0x9f9f5252,0xc0c14e30,0x8cfc4551,0xc0c1d9e9,0xa48888d9,0x4948a3a1,0x88deb3da,0xa44ae5a4,0xa6c09fe0,0x9688c5a8,0xf6fcf9f6,
0x96a89696,0x24454a96,0x24424224,0x8b539130,0x288891a3,0x9696834a,0x8342838e,0x88454283,0x21421024,0x28421010,0x10102142,0xc5841010,0xc5c583e9,0x83838384,0xffffc5f8,0xfff9eb96,
0x96868688,0x86eb4584,0x83888321,0x96832183,0x21839683,0x45424221,0x10102142,0x24424221,0x13244221,0x21424221,0x10218321,0x4a4a4313,0x432e2884,0x0b090b15,0x43431522,0x45309330,
0xa8c58c88,0xc5c5c5c5,0x8cc1c2a4,0x8c96de8c,0xa6dddceb,0x52d9c045,0x28454849,0xdee5a517,0x8cfcc58c,0xc0a1c0a4,0xa64a52d9,0xbde092de,0x4992b376,0x9f666652,0x51bb5066,0x8c484a13,
0x49283066,0x1724284a,0xa3914e4e,0x2e175391,0x9150304e,0x312e1515,0x53311c53,0x2e1a2e1c,0x1c1a1a4e,0x1c1a5331,0x2e2e1c1c,0x1a271c1c,0x1c1c2417,0x24311c31,0x28454513,0x4e281727,
0x17c54852,0x2e1c1a17,0x3031161c,0x49303027,0x4991548c,0xc1504e30,0x92be4e30,0x484a8c24,0x249166b3,0x28482448,0x45c15327,0xc166b28c,0x8ce54988,0xe5c1eea6,0xa8968ca4,0xa8f8f6a8,
0x8c8c4a84,0x2445834a,0x24424242,0x8b8b3024,0x43308991,0x88862143,0x42102186,0x83424242,0x21422142,0x28421010,0x10212142,0xa8421010,0x968484a8,0x4296a886,0xffa8ebfd,0xfdeba8c5,
0x96868684,0x96f99696,0x42428342,0x83834283,0x10429683,0x84422121,0x10214283,0x21212110,0x10212121,0x10214221,0x10428424,0x45451621,0x0b154342,0x15091009,0x24151515,0x42453024,
0x8c4a8c45,0x96eba896,0x8c8ca396,0xe5968ceb,0x45a6debf,0x45489292,0x488c8848,0x76a41348,0xc5a85276,0xc0a1d948,0x4893d9c1,0xa4de9452,0x52454828,0x66c15351,0x28546053,0x5349274a,
0x49524853,0x4a968c8c,0xa4539f92,0x274aa4c1,0x2e162454,0x30301c2e,0x2e303030,0x53152e2e,0x151a1c2e,0x1515531c,0x302e2e53,0x1c83131c,0x302f1717,0xc1923153,0x4a545124,0x3045514a,
0x4528271c,0x2e1c1c0b,0x6653302e,0x48488ca4,0x53315428,0xa3c14e31,0x289f6453,0x9f884a94,0x1328c09f,0x45282828,0x96925228,0xa1d99648,0xeb948cc1,0xa3dfa888,0xa8968cc2,0xa8eba896,
0x9288884a,0x2445244a,0x24242445,0x51304224,0x43438484,0x84242124,0x42422184,0x21212142,0x42214221,0x42211010,0x13242121,0x88421010,0x8c838388,0x21888884,0x9688ebeb,0xf8eb86a8,
0x96868445,0x968696c5,0x21218342,0x10428384,0x10218442,0x24424210,0x08104283,0x10101008,0x10102121,0x21104213,0x10214242,0x13281610,0x0915150b,0x15091010,0x43274315,0x42422428,
0x864a8483,0xa8a89688,0xc58c8896,0xc1e5a8a8,0x944a96dd,0x944a4893,0x8c94968c,0xc0484a94,0x948cdebd,0xc19f4994,0xc1c1c1a4,0xa4a649a4,0xc0929249,0x912f1c53,0x8c283166,0x31734824,
0x92a68854,0x5394a8c4,0x92a4a553,0x2745e9a4,0x301c1324,0x2e151c4e,0x161c1c1c,0x532e2e30,0x151a151c,0x1c161c1c,0x53c13027,0x424a270b,0x301c1c24,0xc5e9a44e,0x54514a92,0x4588924a,
0x24272f30,0x4e2e1313,0xa69f2e4e,0x52545491,0x664e5252,0x66915350,0xa8243066,0xc09e888c,0x484851c0,0x28888848,0x938c8c52,0xbf944a8c,0x888cd99f,0xc0968cc5,0x968c96e5,0x84a8c596,
0x454a454a,0x24834528,0x24284545,0x45242142,0x28424245,0x86242142,0x21101021,0x21214221,0x10212121,0x21101010,0x42212121,0x84451010,0x96214283,0x10838684,0x86839696,0xc58e84a8,
0x8e454584,0x428383a8,0x21104210,0x10218688,0x08108410,0x21211010,0x08102142,0x21101008,0x10102142,0x08101021,0x10101010,0x0b164221,0x0b090909,0x15100809,0x13161015,0x24244a28,
0x88888424,0x96a89688,0x888c8c4a,0xa591c296,0x8c888394,0x45838383,0x48484a4a,0x4548a88c,0x8cd0a391,0x93458c4a,0x52499fc1,0x8c529292,0x9149284a,0xa4915391,0x2748279f,0x484e5348,
0x4a54928c,0xc4e5a696,0x92ebc1a3,0x30884a51,0x0b134224,0x17271613,0x0b151616,0x3015150b,0x15151517,0x0b0b1515,0x130b1616,0x42242716,0x50313013,0xa3a36650,0x52a4dea5,0x83242448,
0x28303145,0x2e164845,0x53a39153,0x48495191,0xa4302824,0x53533153,0x8c962727,0xc191918c,0x4a484594,0x28888c48,0x4a8c8c96,0x8c8c8c88,0x8cc2a3a3,0x8c4aa896,0xc4e4dec5,0x42458896,
0x42424283,0x45844542,0x21434a84,0x43422110,0x42422145,0x24242121,0x10102121,0x42212110,0x10101021,0x10101010,0x10101010,0x21421010,0x83102183,0x83838386,0x832183a8,0xa8a88883,
0x83424588,0x42428388,0x21101010,0x10214283,0x08101010,0x10101008,0x08102110,0x10100808,0x10101010,0x08100810,0x10081010,0x09101010,0x09090909,0x09090909,0x16280b09,0x2124300b,
0x88884a24,0x88888383,0xf8968c8c,0x88a6a6c4,0xa8a89688,0x964a4aa8,0xa8a896a8,0x8c8cc5a8,0xede5de96,0x8ca896e9,0xa6edfbc5,0x8c4a4a8c,0xeaefeba8,0xebfaf3fd,0x88248c48,0x96a5a4ea,
0x454a9696,0x54a6a896,0x8ca8a88c,0x888c4883,0x8ca8f9eb,0x13131345,0x0505100b,0x0b040b05,0x0b050b28,0x0b133015,0x13100b16,0xeba82424,0x2883248c,0x4a4a4524,0x4a8c4a4a,0x96452845,
0xc4539496,0x4a8c968c,0xa1a3c1a5,0xa3c1e5de,0xc09f9293,0x885291a1,0xeb94c588,0xa8fafaea,0xc596a8a8,0xa896c5c5,0xc5c5a8c5,0xa8f89688,0xebc4e5e9,0x888896c5,0x83888488,0x84848483,
0x83244245,0x54884a45,0x21422884,0x13211010,0x21212424,0x10211021,0x10102121,0x10101010,0x10101010,0x10100810,0x10101008,0x10101010,0x83214221,0x42214242,0x422121a8,0xeb968442,
0x24424289,0x21212142,0x42101008,0x8c838383,0x42212145,0x21212121,0x45844521,0x42422142,0x42131342,0x08080810,0x08080808,0x08080808,0x10080808,0x09041010,0x0b130909,0x0b0b0b0b,
0x42212121,0x24138324,0xa4968c45,0x4593a4a5,0x28242824,0x27484a4a,0x884a1724,0x88484848,0xa6a5948c,0x45242894,0x48241313,0x4a484a48,0x96944852,0x4952454a,0x54485449,0x27284891,
0x17272427,0x28242824,0x13242424,0x24241313,0xc54a8324,0x51528cc5,0x54545251,0x0b885252,0x1c16160b,0x51515131,0x49494951,0x21285192,0x13832842,0x28134224,0x45241324,0x8c8c4952,
0x9652528c,0x48241327,0x17272424,0x51272413,0x28241751,0x48484845,0x8c484828,0x498ca58c,0x17171616,0x27272727,0x48272424,0x888c4a8c,0xa6a6a48c,0x484594a8,0x4242834a,0x13424221,
0x42131313,0x45242442,0x21214224,0x10101021,0x10102110,0x10101010,0x10101010,0x10101010,0x21101010,0x10212142,0x88421010,0x83212145,0xc5e9a896,0x10108383,0x10104283,0xa8838884,
0x24422142,0x83421021,0x8c21218e,0xc59696a8,0x42214296,0x93884583,0xebc5a6a4,0xedf2eeed,0xe1eeeded,0x30302113,0x242e2424,0x10081010,0x08080810,0x08080808,0x10091008,0x10101008,
0x13211010,0x24281324,0x4a8c4524,0x13422442,0x13211321,0x10131313,0x27170b04,0x28132417,0x4524834a,0x24242728,0x24131313,0x27284828,0x52482817,0x30172748,0x2e2e4e53,0x1727544e,
0x13172748,0x0b131313,0x0b091010,0x13100404,0x10131310,0x0b0b0b0b,0x0b0b0505,0x04100505,0x0b040504,0x0b0b0b0b,0x0b0b0b05,0x830b0b0b,0x0b100404,0x0b0b100b,0x130b1010,0x17130b13,
0x48281717,0x28241328,0x17131313,0x13131313,0x13132727,0x49171713,0x28284849,0x27884828,0x0b171727,0x0b0b1010,0x45130b09,0x28484888,0x4a282824,0x96a65452,0x24454549,0x10211324,
0x21132110,0x13244210,0x10211021,0x08081021,0x21101008,0x10211010,0x54452110,0x72508e88,0xf2dedec0,0xeef2f3fb,0x454588de,0x4a211042,0xfcfaf6e9,0x422121eb,0x21218483,0x96968e83,
0x88544524,0xebe5c496,0x454296e9,0xc4c5c496,0x45424288,0x8ca4934a,0x96969696,0x8c9692a6,0x918b91a3,0xa3a3ba9e,0xa191a0be,0x505072ba,0x21163131,0x08080808,0x10211008,0x24212110,
0x84452828,0x96c58886,0xf8f9a896,0x96968886,0xf69696a8,0xc5f8f9f8,0xebf6e996,0xfaf6ebeb,0xe9c5ebfc,0xfffdf8f6,0xf8fcfdff,0xfdfdf8f8,0xa594c5f8,0xa8c4c4c5,0x96968896,0xebc5a896,
0x96a8ebc5,0x274854a6,0xa8271317,0xe9a88c94,0x8cf8f6c5,0x948ceba8,0xeba89494,0x964a94e9,0x8c8c8ceb,0xa6a8968c,0xf8c5a894,0x869696a8,0x45452424,0x8c944545,0x9696c58c,0xeba8888c,
0xa8c5ebeb,0x96e9a4a5,0xf6968c96,0xc5fdfdfd,0xf8fdfdf8,0xf9f8ebf8,0xf6f8f8fd,0xa8f9f8c5,0xebf8f9eb,0xf9f6ebf6,0xfdf6f8f6,0xf6f8f8f8,0xfdebc5eb,0xfdfef8f8,0x8e8886a8,0x42458684,
0x24302410,0x21102121,0x10101010,0x10100810,0x502e430b,0xa1cc9e53,0xddddbcba,0xc2dedcde,0xa4a5deef,0xc4c4ebde,0x84a5a3c2,0x45454221,0x9696a896,0xea934221,0xc4dee5e5,0x8484888e,
0x549e8f91,0xc5c5f696,0x8488a8a8,0xc5a68642,0xc5ebe9c4,0xc1c1a6a6,0x9250c4de,0x4a454a96,0x54545450,0x9f305154,0xc491a391,0x2e1c509f,0xf8ff6691,0x08080808,0x10101008,0x10100b10,
0x888c8421,0x93548b93,0x8851888c,0xa5a3a491,0xa6a8e9de,0xdea5c4a4,0x8896c5e9,0x8c884a4a,0x4545454a,0x96968c45,0xf8969696,0xe5e5e5ef,0x53669fc4,0x13519153,0x45454213,0xa4964524,
0xa1495454,0xc0915066,0x4a88c1a3,0x548ce9e9,0x2e2e2e53,0xc1915331,0x545154a4,0x13503091,0x30242845,0x160b1616,0x8351302e,0x45244588,0x13245451,0x8845272e,0xe5a54888,0x925151c0,
0x134aa496,0x92929245,0x92545454,0xdeebe9a4,0xc5a8a4c4,0x949696a6,0x8383838c,0x45424283,0x42424283,0xfaefc58c,0x53deebef,0x66655050,0xc09e6466,0xd9d9a1a1,0xc4c58891,0x243089a6,
0x2124884a,0x24212413,0x10214224,0xfbff1008,0x4e911cbd,0x66539153,0x91916665,0xa6c1a3a1,0xa4c5c5a6,0xe5dec153,0xa896c4de,0x45889696,0x9193938c,0x96864284,0xdde5fcc5,0xa6dee1e6,
0xa3918888,0xf8ebefe5,0xc588c5eb,0x4a88844a,0x88969696,0xc5f8fdf8,0xc1ebfff9,0x8ba175a1,0x30305191,0x2e1c1c2e,0x15152e30,0xfdebeb1c,0x96fdeaff,0x27161010,0x24302828,0x42242442,
0x16284242,0x51282413,0x53302730,0x92502e30,0x4a8c8896,0x42834545,0x21428345,0x83424221,0xa68c4583,0x91a49292,0xa3a68c4a,0x3053504e,0x24284528,0x24242813,0x52915027,0x50503154,
0x42304e50,0xefa4c430,0x138cebc5,0x30241716,0x15151c1c,0x1c1c151c,0x0c151a1c,0x131c1515,0x2e132e0b,0x1c15161a,0x5030532e,0x312f2ede,0x30515031,0x83834553,0x13131021,0x45422113,
0x16161383,0x27172417,0x3030302e,0x50545451,0x83453030,0x4e303093,0x93a3a353,0x24282449,0x28283030,0x45241717,0x9f928c8c,0x4a308b9f,0x4588544a,0x13422445,0x45244242,0x284a914a,
0x884a8c8c,0x1324244a,0x28242413,0xffeb8324,0x50fdf8ff,0x1c151515,0x53659d9d,0xa391a391,0xd9a3a3a3,0xdedea3c2,0xeadec1c0,0xa6c4ebeb,0xbec0a4a6,0x96a8a8dd,0x96888388,0xa6968896,
0x91884a4a,0xa6969154,0xc4c4a496,0x968ca3a3,0x9696a8f8,0x4286838c,0x88e9a883,0x8888968e,0xa4919688,0x4e9191a3,0x151c3015,0xfdf8f896,0x88ebfdfd,0x10101010,0x10101010,0x21211010,
0x10101021,0x10101021,0x21211021,0x10102424,0x21421310,0x24454545,0x24242845,0x13132113,0x28454a45,0x54505354,0xc5ea5128,0x305091a4,0x30303043,0x31272e30,0x30513031,0x50915350,
0x30162e50,0x30305050,0x2a1c1c27,0x0c151518,0x1c1c1c15,0x15151531,0x0c151a15,0x10501c15,0x151a3110,0x181c1a15,0x15181515,0x0c0c1516,0x1a1c1515,0x4e2f2e1c,0x27161c1c,0x1c161730,
0x15150b28,0x1c1a1c17,0x9430312e,0x2e50c4e9,0x17312e31,0x2e2e3045,0x24273131,0x13515117,0x4a131313,0x45284949,0x4a454a45,0x4a45284a,0x54272728,0x28452854,0x10101724,0x10102110,
0x10101010,0x88422110,0x4a84834a,0xf8a82445,0xc5ebffff,0x2ea48cf6,0x53502e1c,0x4b50318b,0xdea3a153,0xc5a6a3c1,0xc4a6c5c5,0xfdfefdeb,0x8396eff9,0x88889683,0xa3888393,0xdcdcbea3,
0xa3919153,0x9191a4a3,0xa39191a3,0xfcfef8de,0x8896a6e5,0x51884a88,0x30508b51,0x424a4a4a,0x27153042,0xffffa827,0x4afffdf8,0xa8eb9683,0xc596f8eb,0x16131624,0x30302724,0x45173051,
0x3027458c,0x30303051,0x42844a30,0x10211321,0x4a28240b,0x24284aa4,0x13132113,0x10131021,0x24485424,0x54932421,0x912e2f65,0x669fa3a3,0x1a18181c,0x301c1c1c,0x9116834a,0x3191a3c1,
0x181c2e1c,0x15151c2e,0x0c0c1515,0x0c0c150c,0x2e0c0c0c,0x4b311c4e,0x0b0b161c,0x13100b0b,0x0910100b,0x1c160b0b,0x1613281c,0x150c1c2e,0x1c151515,0x0c0c151c,0x1c1c1c15,0x15151518,
0x152e4915,0x1c2e1c15,0x1c1c1c1c,0x1a15151c,0x1a151c1c,0x1c2e1715,0x27131313,0x27161316,0x10131717,0x51522813,0x51482728,0x49484954,0xa4512ea1,0x91604e50,0x30304e76,0x93a4a4a3,
0x27303054,0x24248424,0x24131313,0xf8eb2824,0x9696f9fd,0xfdfff8f8,0xa5fdf5eb,0xa4c4c1a3,0xa3a3a393,0xc596a3a3,0xc596a8a8,0xe5feffea,0x8888c4de,0xa3c2a496,0xc2d7d79e,0xc291a3c2,
0xdedc9e73,0xfdfcf8f6,0xa896c5f6,0xfdfcf8f6,0x8888f6fd,0x91545354,0x30305154,0x304e2e2e,0x1515151c,0xfff88830,0x96fff8fd,0xa8a8c542,0x96a8a896,0x151c2e85,0x8b504b1c,0xeadde5de,
0x91a3c4ef,0xa4a5a491,0x939696a3,0x30502e2e,0x13244517,0x45241313,0x13211013,0x50242717,0x27302413,0x24242427,0x3028244a,0xc1915430,0x503130a3,0x531c3160,0x1c151630,0x162e1c1c,
0x2e8b3015,0x181c3131,0x1a15151a,0x0c0c151c,0xeb311515,0x0b163031,0x0b130b0b,0x280b0b05,0x100b0b0b,0x13130b13,0x17131313,0x3150a430,0x1c1c151c,0x312e2e2e,0x1c151a1c,0x4e53312e,
0x15271c1c,0x1a151815,0x18150c15,0x0b151515,0x15161c16,0x27162830,0x16161316,0x30271616,0x17271610,0x17131317,0x24173031,0x30513027,0xa3944866,0x4e4e4e4e,0x91914e2e,0xa3533153,
0xa5e5a3c1,0x50503165,0x31313150,0xa8c5a373,0x8696a8a8,0xfdfff8f8,0x88f8fffd,0x311c0c1c,0x9f919191,0xc4c4c4a5,0xc1c1dede,0xc1c4dec1,0xeba8c4c1,0xc1c1e5e9,0xa2a2a3c2,0x8f91bebe,
0xfffffcfa,0xffffffff,0xf9f8ffff,0xa4c5c5c5,0x8b9154a4,0x8b918b30,0x30303030,0x1a2e1c16,0xf893302e,0xfffdf9ff,0x83f9f8f8,0x9683968c,0x21968686,0x24211010,0x83248445,0xc5458496,
0xa88e888c,0xfdfdc5a8,0xee8386fe,0xa8c5c5c5,0x28ebeba8,0x21248824,0x8c884545,0x5445454a,0x284a4545,0x24242828,0x28242424,0x24241313,0x28484945,0x88fd8c45,0x16171628,0x10101316,
0x10101010,0x1010134a,0x04101010,0x0b0b0b04,0x130b130b,0x170b1328,0x304e1617,0x092f1a1c,0x0b151a05,0x2713541c,0x160b0b30,0x21211716,0x05050b0b,0x10101004,0x28270b0b,0x24272828,
0x96834528,0x27171752,0x04100b16,0x10100b05,0x0b0b0b10,0x1010100b,0x1717170b,0x8c4a4528,0x94493045,0xa645134a,0x88888896,0xebc5a896,0xfff8428c,0x96f69686,0xebf8f6c5,0xfdfdfdf9,
0xfffdfdff,0x889651e9,0x24218486,0xa8962142,0x868e9696,0xfdfdeba8,0xc5f9fffd,0x8ba630c5,0x91a3a453,0x53919153,0xa3a19191,0xc2a3a3a3,0xebfdfde9,0xf8c5a6eb,0xdeeefcff,0xfaefeee5,
0xe5f6fdff,0xc1defcf8,0xdec5a6a5,0xa6ebeba6,0xa5915493,0x505491a6,0x1c2e2e1c,0xfdeb531c,0x96f8ffff,0xc5f89694,0x9683f8f8,0x422183f8,0x42428383,0x24424221,0x13244242,0x45244242,
0x84432445,0x21214545,0x21242442,0x83452421,0xa9868483,0x10838396,0xa8ebf84a,0x96888c96,0x48244888,0x94964588,0x4849928c,0x4a284849,0xa8fdfda8,0x83f99688,0x242445a8,0x24131345,
0x0b0b1317,0x0b0b0b13,0x0b13130b,0x0b0b0b0b,0x0b27480b,0x09160905,0x16160504,0x050b0b15,0x0c0c1509,0x040b150c,0x10090904,0x13962810,0x05040b0b,0x05050b0b,0x130b0b0b,0x48482713,
0xfffdf9c5,0xa8eb8cc5,0x13274a8c,0x1616160b,0x16160b0b,0x170b1616,0x888c948c,0xc4a6968c,0x96a8c5e5,0x92244288,0xc09f928c,0x8848528c,0x53502845,0x88eb9645,0x9191918b,0x91919f9f,
0x538b9191,0x24434550,0x83424524,0xeba88342,0x832196eb,0xebc5f8c5,0xc5f9fdeb,0xfffff888,0x1830a6fd,0x311c1a15,0x93c19131,0xfceba5a4,0xfcfcfdfd,0xfdfcfdff,0xf6fffffe,0xe5e5eef6,
0xc4a4a1d9,0xdea38bc4,0x3088302e,0x91312e50,0x92178b8b,0xf6c4a5c4,0xa6fdf6f6,0xffffffeb,0x4aa8f8ff,0x8484964a,0xc5838396,0x101042c5,0x8c834210,0x8b549396,0x312e5053,0x91919f91,
0x96e5eac0,0x4a4a4583,0x48515488,0x91915328,0x24243051,0x48242113,0x51282424,0x24885454,0x30494a45,0x9fa1cd4a,0xa19f669f,0x919fc0a3,0xe9effac1,0x4a51a5e9,0x4eeadea6,0x76cc2f1c,
0x9e392f31,0xd8655d53,0xbfb3bedc,0xa39153a1,0x0b2748ea,0x020ba10b,0x05152e0b,0x02051616,0x1c0b0402,0x041c1a2e,0x525a1a02,0xe2c41004,0x53c26553,0x2e1c1c2f,0x9f2e2e31,0x51a5a3c1,
0x2e2e302e,0x4e53282e,0xc0c1a353,0x98be9191,0x314e3972,0x314f392f,0x272e54d8,0x30484817,0x30505130,0x28131327,0x51492824,0x53915151,0x50665354,0x88965353,0x6650c0c5,0x65665353,
0x53539166,0xa1666550,0xc1c0a19e,0x8696c5e5,0x21081083,0xa8a8c596,0xa896f896,0xfff8eb96,0xeba8f8ff,0xf8f8a693,0x96f6f6e9,0xa5c1a6a6,0xc1e5ebc4,0xf6dee5e5,0x8fc2fafd,0xa3c2be91,
0x4e2f4b9d,0xe5652c2f,0x313091e5,0x162e508b,0x15154317,0x88160b0c,0xfffffff8,0xfffffffd,0x96ebfffd,0x832186a8,0x83968383,0x8383838e,0x96888383,0x54303045,0x91c5a691,0xa391918b,
0x86889696,0xc0a19188,0xa5a6c4c1,0x83454588,0x13424a83,0x1348454a,0x28282424,0xa3a88845,0xdea15391,0x9166919f,0xc4a5a3a3,0x91e5c4c4,0x54543030,0x91535030,0xa4c49253,0x4ec45353,
0x18181515,0x1a151c1c,0x0c15151a,0x9f912e15,0x13244afc,0x16271310,0x0b09090b,0x02452813,0x17171302,0x1010050b,0x0b132716,0x2e50170b,0x151c2e2e,0x50501c1c,0x539f9f4e,0x15151591,
0x2e1c1c1a,0x1c151653,0x91312e1c,0xc1a453c1,0xa4919191,0x91a3a3a3,0x30545353,0x48489191,0x28548845,0x28489149,0x48458845,0x54925252,0xde924949,0xe9deefea,0x91c1c5a8,0x9fa3a391,
0x53a191a3,0xebe9e991,0xc2a3ebf8,0x868e96c1,0x83838384,0x8696a886,0x8c839686,0xfff8f8f8,0xf8ebebff,0xebffffff,0x9f543051,0xa1915091,0x91505091,0xfdebdea3,0xe4eaf8fd,0xdcc2a39e,
0x15151518,0x652d1a18,0x2e53e5f6,0x1316431c,0x0b151516,0xfffd9613,0xfdfffff8,0xfdf9f9f8,0x96f9ffeb,0x42108383,0x83838342,0xf6f8eb96,0xf6fdc5c5,0x91918b91,0xa4a5a591,0x4adec492,
0xc5fff896,0x4a54544a,0x48844545,0x884a4545,0x5154a391,0x30485451,0x54889449,0xa1a1c053,0xc4c5c4a5,0xefeae5a3,0xc4eaeff6,0x3091a5a5,0x2e303030,0x302e2e2e,0x51305350,0xc1c59691,
0xa3c4def6,0x2f31a19f,0x91912e2e,0xa1c1914e,0x48a360a3,0x13131324,0x0b0b1324,0x04131313,0x0b0b0b04,0x27131313,0x27130b13,0x2e2e3130,0x1c1c1c18,0x9f53311c,0x2e314e53,0x1c15a3c1,
0x312e1c1c,0x2e2e3131,0xa3305331,0xc15391e9,0xa5919fa3,0xe9eadee9,0xa8efdeeb,0xb39e6691,0x4a8c9fa1,0x5445284a,0x9e5254a3,0x669e9e76,0x4a4a4853,0xe5c5a693,0xfcf6a8c4,0x513051a4,
0x5424548b,0x91a6e9a3,0x9191a1a3,0xfae5a391,0xfefefefe,0x8696f8fd,0x83838383,0xfffdf8c5,0xfdfda8ff,0xf8ffffff,0x91a8fdfd,0x1724172e,0xde549151,0xd9e5e5e5,0xfaefe5de,0xe4eae5ea,
0x2c2c2e4b,0x2c2f4b2c,0x504b5065,0x1a2e1c30,0x28a49115,0xffffffa8,0xfffff9f8,0xf8f8f9f8,0x84c5ffff,0x08084283,0x96964210,0xf9ebeb96,0xf9fdfefd,0x888893a8,0x8883a8c5,0x88428896,
0xe9c496eb,0x4a8888c5,0xde93914a,0xd8dddfe6,0xd8dea3a1,0xcfbfc2d7,0x7665739d,0xc5a39166,0xe5f8fdeb,0xeae5f6e5,0xc4fafefc,0x9f91a4de,0x302e3054,0x2e1c1c2e,0xc4a5302e,0x91c4eb91,
0xc4c4e9c4,0x9fc1eae5,0xc1c4a4a3,0xe9533153,0x4e312fa3,0x88495366,0x27131348,0x88241324,0x24281348,0x8c884827,0x4e39918c,0x914e5353,0x91e9a54e,0xa391c19f,0xeba8c4eb,0x314eeffc,
0x15151c4e,0x512e1c15,0x30305031,0x9f315030,0xdefca591,0xf6f6e5a3,0xe5eff8f8,0x66c1e9e9,0xcd9e6666,0x9f9191dd,0xa3bbbfc0,0xc1a39191,0xa4c4d9de,0xdee9e5a4,0xf8c58c96,0x96c5f6f8,
0x21428896,0x96a8a384,0x5354a1a3,0xfefcbe9d,0xc5ebf8fd,0x42838496,0x42101010,0xf8c59696,0xfdf8a8fd,0xa8fffffd,0xf9fffff8,0x27134a31,0xeaf6eba3,0xe5dec1a3,0xe5dc9dc2,0xe5efe5de,
0x4b4b4b4b,0x1a2c2c2f,0x1c2c2c29,0x2e152e2e,0x96fdfff9,0xfdf9f8a8,0xf9ffa8eb,0xf8f8fff8,0x84c5ffff,0x10081021,0x21101010,0x83424221,0x888896f8,0x24244a4a,0x8884968c,0x93889688,
0xc5d99688,0xa88e96fc,0xdcc2e4dc,0xdec4c1ea,0xefe5effa,0xf3eeeaea,0xc1e5dede,0xe5a1bbe5,0xfcfcfaea,0xc1a1c1ef,0xe5e5eeea,0xdea4a5de,0x919191de,0x91915350,0xc5e9c191,0xf6fcfefd,
0xdec4e5c4,0xc1dee5e9,0xa1dee9e9,0xe9c4a373,0x302e1745,0x534e3030,0xc5a85454,0x960b13a5,0x53240b48,0x911c2e2e,0xa4539191,0x9688a3c1,0xdeeaeaa6,0xc1dfeede,0x8c45c1de,0x31c1fdc4,
0x302e4e53,0x30303030,0xa4945431,0xde5350a3,0xdeefc4e9,0xe5e5e9a4,0xe5eff6ef,0xbb53dede,0xc1e5eaea,0xc0dde2c0,0xdedde2cd,0x9dc0c1c1,0xf6dea3c0,0xa6e5ebf6,0x88969696,0xa6f89696,
0x5491938c,0x8654a188,0x4a88a896,0xebf84a84,0x42848483,0x10422121,0x10081010,0xc5888383,0xfda8a8fd,0x96f8ffff,0xf8fffff9,0x9686eba8,0xc4ebebeb,0xc2e5eac1,0xc2a3a3a3,0xe5dec2c2,
0x5050504b,0x50916550,0x8842151c,0xf896f8f6,0x8cf8ffff,0xfda886a8,0x96f8a8f9,0xc5ebc5c5,0x8888a886,0x96968886,0x96888896,0x96868696,0x10218696,0x24424221,0x24424245,0x8345884a,
0x86838383,0xfcebfaf9,0xeeeff6ef,0x968893e5,0xf6efeba8,0xeaededef,0xc19edeea,0xeba1c0de,0xdeebe5e5,0xa39f9153,0xa5a3a3a5,0xdea6a4a6,0xe5dec4c1,0xa5919fa5,0xebeba6a5,0xebeae5e9,
0xc1c1eaef,0xf6ddc0de,0x4994a6eb,0x4894944a,0x52545228,0x9fa4c1c4,0x91a3a5a4,0x282445d0,0xa5242417,0x53539fa1,0xc4c49191,0x8324c193,0x1717458c,0x93525149,0xeffbeaa4,0xa5fafcc1,
0x4e1c152e,0xa3c45391,0xe5a49291,0xea9f9fea,0xfaefeaed,0xebea91c1,0xc1d9d9de,0xc1a4919f,0xc2be649f,0xc0d0be75,0xe5eee2c0,0xdedee5de,0xf6f6f6e5,0xc4a4a6e9,0xa3c2dede,0xc5838491,
0x8c4a4594,0x83884545,0x88868484,0xc5c58683,0xa8ebc596,0xa8e9a8a8,0xa8ebc596,0x83838696,0xf886a896,0x8396ffff,0xa8fffff8,0xa896a886,0xebfdfffd,0x532e93c5,0xc2c2c2a1,0xe4dcc2c2,
0x2e4b5050,0x43a3a350,0xf9422422,0xfdf8ffff,0x96f8ffff,0xfda89696,0x96a8ebf9,0x2183c5f8,0xeba89621,0xf6f8f8f8,0xa8ebc5c5,0xdee9f8e9,0x248396de,0x4a948c4a,0x83104288,0x838eebc5,
0xeba88683,0xa8c5c5eb,0xfdc59696,0xebebf6fd,0xfdf9c5a8,0xfdfdfcfd,0xe5deeffc,0x4e9ffffc,0xfca19153,0x53a4c4fc,0x4e919191,0x5053504e,0x9fa39f53,0xa5c4a4a4,0xfcfcc491,0xc4eae5e5,
0xa4a68c96,0x28484852,0x28242424,0x45eba845,0xeb942413,0xeff6efeb,0xa1c4f6eb,0x8ca8a8e5,0xea884848,0xeff6f6e5,0xa5eadeeb,0xc492a413,0x138c94fa,0x24242824,0xc5964524,0xf8fdc5a6,
0x3153c1fa,0x9f50314e,0x509f9fa3,0xd0666653,0xc1c1dee5,0x5053a4a4,0xa15050a3,0xfdfdefe5,0xde9e9bea,0xfdf6efe5,0xfcfdfdfd,0xc1defcfc,0xa3c1dee5,0x88919391,0x4584864a,0x83848645,
0xeba8f8fd,0xc0a38896,0xeef3eade,0xfefce5cc,0xfdfdffff,0xf6ebf8fd,0xfdfdf8f8,0x83ebf8f8,0x96968321,0x8696f8f8,0xa8f8ffa8,0x96a8c596,0xfffffff8,0x1645fcff,0xa3a28b30,0xeadcc2c2,
};
